log_id,order_id,status,updated_at
1,1,Đã giao,2026-03-16 18:20:07
2,2,Đang xử lý,2026-06-02 04:15:07
3,3,Đang xử lý,2026-04-22 05:40:07
4,4,Đang xử lý,2026-04-19 13:30:07
5,5,Xác nhận,2026-04-02 04:10:07
6,6,Đang xử lý,2026-05-08 18:33:07
7,7,Đang chuẩn bị,2026-04-27 22:25:07
8,8,Đang xử lý,2026-03-24 07:02:07
9,9,Xác nhận,2026-05-20 03:49:07
10,10,Đang xử lý,2026-04-11 18:35:07
11,11,Đang xử lý,2026-04-23 18:35:07
12,12,Đang xử lý,2026-04-27 16:35:07
13,13,Đang chuẩn bị,2026-03-12 02:54:07
14,14,Đang xử lý,2026-05-08 02:31:07
15,15,Đã hủy,2026-03-17 01:33:07
16,16,Đang xử lý,2026-06-01 02:01:07
17,17,Đang giao,2026-04-11 12:08:07
18,18,Đã giao,2026-03-23 10:03:07
19,19,Xác nhận,2026-05-14 12:04:07
20,20,Đang xử lý,2026-04-07 13:52:07
21,21,Xác nhận,2026-05-04 03:15:07
22,22,Xác nhận,2026-04-21 00:40:07
23,23,Đang chuẩn bị,2026-03-07 04:11:07
24,24,Đang chuẩn bị,2026-03-07 07:58:07
25,25,Đang giao,2026-06-03 04:23:07
26,26,Đang xử lý,2026-05-18 06:18:07
27,27,Đang xử lý,2026-04-20 10:13:07
28,28,Đã giao,2026-05-17 19:53:07
29,29,Xác nhận,2026-04-11 03:55:07
30,30,Đang xử lý,2026-03-11 16:47:07
31,31,Đang chuẩn bị,2026-03-24 19:05:07
32,32,Đang xử lý,2026-03-19 13:50:07
33,33,Xác nhận,2026-03-15 18:23:07
34,34,Xác nhận,2026-04-11 14:21:07
35,35,Đang chuẩn bị,2026-04-01 11:53:07
36,36,Đang xử lý,2026-04-04 22:32:07
37,37,Đang giao,2026-04-01 21:18:07
38,38,Đang chuẩn bị,2026-06-01 12:38:07
39,39,Đang xử lý,2026-05-18 18:37:07
40,40,Đã giao,2026-04-09 03:39:07
41,41,Đã giao,2026-04-28 09:31:07
42,42,Đang chuẩn bị,2026-05-20 22:44:07
43,43,Đã giao,2026-03-19 18:41:07
44,44,Đang xử lý,2026-05-28 18:11:07
45,45,Đang xử lý,2026-03-18 05:55:07
46,46,Đang xử lý,2026-04-09 13:09:07
47,47,Đang giao,2026-04-19 00:26:07
48,48,Đang xử lý,2026-05-17 17:32:07
49,49,Đang chuẩn bị,2026-03-12 08:11:07
50,50,Đã hủy,2026-03-10 08:29:07
51,51,Đang giao,2026-04-28 07:09:07
52,52,Đang xử lý,2026-05-31 06:07:07
53,53,Đang chuẩn bị,2026-05-16 22:52:07
54,54,Đang xử lý,2026-04-24 00:09:07
55,55,Đang xử lý,2026-05-30 07:14:07
56,56,Đã hủy,2026-05-07 00:11:07
57,57,Xác nhận,2026-05-20 19:47:07
58,58,Đang xử lý,2026-05-25 04:57:07
59,59,Đang xử lý,2026-03-25 18:27:07
60,60,Đã giao,2026-04-20 13:56:07
61,61,Đã giao,2026-04-12 22:28:07
62,62,Đang giao,2026-04-07 06:22:07
63,63,Đang xử lý,2026-05-13 14:41:07
64,64,Đã giao,2026-04-29 09:01:07
65,65,Đã giao,2026-06-01 07:10:07
66,66,Đang xử lý,2026-04-01 07:58:07
67,67,Đang xử lý,2026-03-24 20:38:07
68,68,Đã giao,2026-04-02 09:23:07
69,69,Đang chuẩn bị,2026-05-04 21:11:07
70,70,Đang giao,2026-05-21 12:25:07
71,71,Đang chuẩn bị,2026-04-24 10:10:07
72,72,Đang giao,2026-05-20 22:40:07
73,73,Đang xử lý,2026-05-10 12:48:07
74,74,Đang giao,2026-05-30 13:12:07
75,75,Đang xử lý,2026-05-01 16:36:07
76,76,Đang chuẩn bị,2026-06-02 08:26:07
77,77,Đã hủy,2026-03-26 19:07:07
78,78,Đang chuẩn bị,2026-05-25 13:51:07
79,79,Đã giao,2026-04-30 20:38:07
80,80,Đang chuẩn bị,2026-05-20 12:12:07
81,81,Đang chuẩn bị,2026-04-17 23:35:07
82,82,Xác nhận,2026-05-16 02:30:07
83,83,Đang xử lý,2026-04-11 00:02:07
84,84,Đang xử lý,2026-03-24 15:40:07
85,85,Xác nhận,2026-06-04 08:49:07
86,86,Đang xử lý,2026-04-15 19:46:07
87,87,Đang chuẩn bị,2026-04-09 21:34:07
88,88,Đang xử lý,2026-04-26 08:08:07
89,89,Đã giao,2026-04-04 22:32:07
90,90,Đã giao,2026-05-20 17:12:07
91,91,Xác nhận,2026-03-10 21:44:07
92,92,Đang giao,2026-04-13 11:30:07
93,93,Đang xử lý,2026-05-24 12:39:07
94,94,Đang giao,2026-05-19 08:29:07
95,95,Đang chuẩn bị,2026-04-20 22:04:07
96,96,Đang giao,2026-03-31 23:28:07
97,97,Đang xử lý,2026-04-16 19:46:07
98,98,Đang giao,2026-04-08 22:36:07
99,99,Đang xử lý,2026-05-06 01:38:07
100,100,Đang xử lý,2026-04-23 16:23:07
101,101,Đang xử lý,2026-05-04 13:14:07
102,102,Đang chuẩn bị,2026-03-28 16:03:07
103,103,Đang xử lý,2026-05-08 09:06:07
104,104,Đang giao,2026-04-14 18:04:07
105,105,Đã giao,2026-04-19 14:14:07
106,106,Đã giao,2026-03-05 23:59:07
107,107,Đang xử lý,2026-04-28 17:21:07
108,108,Đang giao,2026-03-15 02:41:07
109,109,Xác nhận,2026-06-02 12:58:07
110,110,Đang xử lý,2026-04-10 08:58:07
111,111,Xác nhận,2026-03-15 08:34:07
112,112,Đang xử lý,2026-04-09 13:49:07
113,113,Đang chuẩn bị,2026-04-21 15:44:07
114,114,Xác nhận,2026-06-02 08:05:07
115,115,Đã giao,2026-04-14 01:20:07
116,116,Đang chuẩn bị,2026-03-28 05:55:07
117,117,Đang giao,2026-03-09 14:39:07
118,118,Đã giao,2026-04-23 23:07:07
119,119,Đã giao,2026-05-15 03:17:07
120,120,Xác nhận,2026-03-08 22:41:07
121,121,Đang giao,2026-04-13 01:33:07
122,122,Đang xử lý,2026-04-14 18:52:07
123,123,Đang giao,2026-03-22 14:48:07
124,124,Đang giao,2026-04-23 03:42:07
125,125,Đang xử lý,2026-03-08 13:50:07
126,126,Đã hủy,2026-03-14 13:20:07
127,127,Đang xử lý,2026-05-19 22:10:07
128,128,Đã hủy,2026-05-28 03:06:07
129,129,Đang xử lý,2026-05-06 09:45:07
130,130,Xác nhận,2026-04-05 12:20:07
131,131,Đang chuẩn bị,2026-03-14 21:54:07
132,132,Đã hủy,2026-04-27 08:50:07
133,133,Đang xử lý,2026-03-31 03:16:07
134,134,Đang xử lý,2026-03-29 03:22:07
135,135,Đang xử lý,2026-05-02 01:50:07
136,136,Đã hủy,2026-04-30 17:42:07
137,137,Đang giao,2026-03-21 03:38:07
138,138,Đang xử lý,2026-05-26 06:40:07
139,139,Đang chuẩn bị,2026-03-12 10:03:07
140,140,Đang xử lý,2026-03-09 18:56:07
141,141,Đang xử lý,2026-04-10 16:40:07
142,142,Đang giao,2026-03-09 04:52:07
143,143,Đã giao,2026-03-21 20:29:07
144,144,Đang xử lý,2026-03-27 22:25:07
145,145,Đang xử lý,2026-04-09 14:52:07
146,146,Đang giao,2026-04-19 18:01:07
147,147,Đang xử lý,2026-04-12 04:55:07
148,148,Đã giao,2026-06-02 09:05:07
149,149,Đã giao,2026-03-12 08:40:07
150,150,Đang xử lý,2026-04-13 20:50:07
151,151,Đang xử lý,2026-04-16 21:36:07
152,152,Đã giao,2026-03-28 04:45:07
153,153,Đang xử lý,2026-03-31 12:29:07
154,154,Đang xử lý,2026-03-12 09:14:07
155,155,Đang giao,2026-04-15 21:08:07
156,156,Đang giao,2026-03-31 08:32:07
157,157,Đang xử lý,2026-04-07 14:19:07
158,158,Đã giao,2026-03-31 11:29:07
159,159,Đang chuẩn bị,2026-03-08 02:27:07
160,160,Đang xử lý,2026-03-30 03:30:07
161,161,Đang xử lý,2026-05-15 10:35:07
162,162,Đang xử lý,2026-04-30 07:49:07
163,163,Đã giao,2026-05-30 04:31:07
164,164,Đang chuẩn bị,2026-04-29 18:45:07
165,165,Đang xử lý,2026-04-02 09:46:07
166,166,Đang xử lý,2026-03-09 19:03:07
167,167,Đang xử lý,2026-04-23 15:25:07
168,168,Đang giao,2026-05-15 12:09:07
169,169,Đang xử lý,2026-04-01 22:48:07
170,170,Đã giao,2026-03-06 22:11:07
171,171,Đang giao,2026-03-12 04:59:07
172,172,Đang xử lý,2026-05-07 02:37:07
173,173,Đang xử lý,2026-06-01 22:50:07
174,174,Đang chuẩn bị,2026-05-25 20:31:07
175,175,Xác nhận,2026-04-09 01:54:07
176,176,Đang chuẩn bị,2026-05-31 20:09:07
177,177,Đã giao,2026-03-18 16:40:07
178,178,Đang chuẩn bị,2026-04-01 18:54:07
179,179,Đang xử lý,2026-05-02 06:20:07
180,180,Đang xử lý,2026-03-29 17:13:07
181,181,Đã hủy,2026-05-22 20:25:07
182,182,Đang chuẩn bị,2026-05-14 14:57:07
183,183,Đang xử lý,2026-04-19 13:46:07
184,184,Đã giao,2026-03-23 23:32:07
185,185,Đang xử lý,2026-04-03 17:40:07
186,186,Đang chuẩn bị,2026-05-29 00:58:07
187,187,Đã giao,2026-05-23 04:30:07
188,188,Đã giao,2026-04-18 05:26:07
189,189,Đã giao,2026-05-11 01:55:07
190,190,Đang xử lý,2026-05-02 20:33:07
191,191,Đang xử lý,2026-04-16 12:35:07
192,192,Đang xử lý,2026-06-03 13:33:07
193,193,Đang xử lý,2026-04-09 14:53:07
194,194,Đang chuẩn bị,2026-05-13 17:29:07
195,195,Đã giao,2026-03-16 15:43:07
196,196,Đang xử lý,2026-04-28 21:13:07
197,197,Xác nhận,2026-04-12 03:13:07
198,198,Đã giao,2026-03-26 04:26:07
199,199,Đang xử lý,2026-03-11 13:31:07
200,200,Đã giao,2026-05-29 06:56:07
201,201,Xác nhận,2026-03-06 13:03:07
202,202,Đang giao,2026-05-18 06:18:07
203,203,Đã giao,2026-05-27 12:40:07
204,204,Đang xử lý,2026-03-21 04:24:07
205,205,Đã hủy,2026-04-22 17:17:07
206,206,Đã giao,2026-04-17 06:34:07
207,207,Xác nhận,2026-05-01 14:22:07
208,208,Đang xử lý,2026-05-16 00:09:07
209,209,Đang chuẩn bị,2026-04-22 21:34:07
210,210,Đang xử lý,2026-05-25 05:50:07
211,211,Đang chuẩn bị,2026-05-25 13:07:07
212,212,Đang chuẩn bị,2026-03-31 22:37:07
213,213,Đang chuẩn bị,2026-04-10 16:02:07
214,214,Xác nhận,2026-04-04 06:19:07
215,215,Đã giao,2026-04-14 03:12:07
216,216,Đang xử lý,2026-03-12 12:28:07
217,217,Đang chuẩn bị,2026-05-17 10:30:07
218,218,Đang chuẩn bị,2026-03-29 09:17:07
219,219,Đang chuẩn bị,2026-04-22 20:38:07
220,220,Đang chuẩn bị,2026-05-23 04:32:07
221,221,Xác nhận,2026-05-06 22:29:07
222,222,Đang xử lý,2026-05-27 18:18:07
223,223,Đang xử lý,2026-04-06 13:02:07
224,224,Đã giao,2026-03-26 02:27:07
225,225,Đã giao,2026-05-27 17:41:07
226,226,Đang xử lý,2026-04-22 15:46:07
227,227,Đang xử lý,2026-05-02 11:06:07
228,228,Đã hủy,2026-05-18 02:11:07
229,229,Đang giao,2026-03-22 05:57:07
230,230,Đang xử lý,2026-04-24 09:42:07
231,231,Đang giao,2026-05-09 11:00:07
232,232,Đang xử lý,2026-05-08 12:47:07
233,233,Đang chuẩn bị,2026-06-03 08:59:07
234,234,Xác nhận,2026-06-02 07:59:07
235,235,Đang xử lý,2026-05-05 02:49:07
236,236,Xác nhận,2026-04-06 04:04:07
237,237,Đã giao,2026-03-13 17:01:07
238,238,Đang chuẩn bị,2026-04-07 02:23:07
239,239,Đang giao,2026-04-13 06:00:07
240,240,Đang xử lý,2026-04-12 13:51:07
241,241,Đang chuẩn bị,2026-04-15 11:02:07
242,242,Đang xử lý,2026-05-08 23:54:07
243,243,Đang xử lý,2026-03-20 08:27:07
244,244,Đang xử lý,2026-03-07 02:53:07
245,245,Xác nhận,2026-04-22 10:11:07
246,246,Đang giao,2026-04-16 00:43:07
247,247,Đang giao,2026-05-26 11:29:07
248,248,Đang xử lý,2026-03-08 23:12:07
249,249,Đang xử lý,2026-03-07 05:37:07
250,250,Đang xử lý,2026-05-24 00:23:07
251,251,Đang xử lý,2026-05-17 17:33:07
252,252,Đang xử lý,2026-04-05 02:29:07
253,253,Đang chuẩn bị,2026-05-03 21:08:07
254,254,Đang xử lý,2026-04-18 05:10:07
255,255,Đang chuẩn bị,2026-03-06 12:56:07
256,256,Đang xử lý,2026-04-03 06:44:07
257,257,Đang xử lý,2026-03-20 04:46:07
258,258,Đang chuẩn bị,2026-05-08 21:43:07
259,259,Đang xử lý,2026-04-17 01:28:07
260,260,Đang chuẩn bị,2026-04-02 22:44:07
261,261,Đã giao,2026-03-24 16:53:07
262,262,Đã giao,2026-05-16 17:15:07
263,263,Đã giao,2026-05-07 10:02:07
264,264,Xác nhận,2026-04-09 04:49:07
265,265,Đã giao,2026-03-19 12:17:07
266,266,Đã hủy,2026-03-08 23:52:07
267,267,Đang xử lý,2026-05-01 05:33:07
268,268,Đang xử lý,2026-03-29 10:31:07
269,269,Đang xử lý,2026-04-05 04:56:07
270,270,Đang xử lý,2026-05-12 09:41:07
271,271,Đang xử lý,2026-04-17 14:52:07
272,272,Đang xử lý,2026-03-20 06:09:07
