review_id,user_id,restaurant_id,rating,comment,created_at
1,3,2,3,Các của sẽ để đi như.,2025-08-25 17:00:07
2,4,44,1,Giống sau khi điều được rất làm nơi là.,2026-01-29 17:00:07
3,4,49,5,Trong đang đã về về đang.,2025-07-06 17:00:07
4,4,9,3,Lớn nếu chỉ vậy tôi của.,2025-08-18 17:00:07
5,7,14,2,Trong đang mà dưới là sẽ.,2025-11-25 17:00:07
6,11,36,4,Trong cái về để chưa giữa tại.,2026-05-14 17:00:07
7,11,1,4,Nhiều đi có để giữa mà.,2025-07-22 17:00:07
8,11,19,2,Đi chưa tại tại mà vậy như đã sẽ.,2026-06-04 17:00:07
9,13,18,5,Nơi trong đúng đi thì rất.,2026-01-27 17:00:07
10,13,44,4,Bên bên đúng giữa.,2025-12-07 17:00:07
11,13,41,2,Khiến về là vẫn từng để nơi.,2025-08-09 17:00:07
12,14,19,1,Để với một của vì giữa theo của người số.,2026-03-14 17:00:07
13,14,48,5,Đã chỉ của gần làm nơi khiến.,2025-08-20 17:00:07
14,17,9,5,Như cho nếu sẽ theo.,2026-01-12 17:00:07
15,18,14,5,Tại để như và đúng như tại vì tại để.,2025-09-19 17:00:07
16,18,21,3,Sẽ thế lớn có chưa cũng thay trong không của.,2025-07-14 17:00:07
17,20,29,3,Giống từ theo nào nơi dưới được tại đang đi làm.,2026-01-30 17:00:07
18,21,21,3,Theo nơi từ bạn vì gần số thế bạn nhiều.,2026-02-17 17:00:07
19,25,42,1,Thế của sau vậy để chưa khi điều như.,2025-07-28 17:00:07
20,27,44,2,Trong sau sẽ để bạn với.,2025-11-05 17:00:07
21,27,36,4,Điều tự sẽ vậy được.,2025-11-15 17:00:07
22,27,35,1,Sau đúng để hơn tôi từng.,2025-07-07 17:00:07
23,28,35,1,Đi đúng trong nơi tự tại để nếu trong.,2025-06-26 17:00:07
24,31,25,5,Hơn như bạn bạn từ sau cái số.,2025-12-03 17:00:07
25,31,25,2,Nhiều thì của gần sau.,2025-06-13 17:00:07
26,31,1,1,Mỗi không đến theo.,2025-10-11 17:00:07
27,35,49,3,Đó nhưng mà từ khiến của vẫn vì.,2025-06-21 17:00:07
28,36,23,2,Cũng này được tại hơn tại nhiều.,2026-04-19 17:00:07
29,36,40,3,Trong cũng từng chỉ theo.,2026-02-11 17:00:07
30,36,15,4,Có có có khi với vì đang tại như như.,2025-12-01 17:00:07
31,39,39,2,Như như vài lớn từ vì được cách.,2026-06-01 17:00:07
32,41,26,1,Từ mỗi điều cho trong chưa hoặc.,2026-01-13 17:00:07
33,41,37,5,Từng về trong giống sẽ được đã về.,2025-09-25 17:00:07
34,44,44,5,Vậy hoặc theo giống đó với.,2025-08-19 17:00:07
35,47,9,3,Nhưng của của như có từ mà lớn.,2025-08-17 17:00:07
36,48,34,3,Từng như được cách đang.,2026-02-26 17:00:07
37,48,44,1,Dưới khiến lớn nhiều trong với của để.,2025-06-15 17:00:07
38,49,40,3,Lớn tại đi người như.,2025-06-21 17:00:07
39,52,42,1,Mỗi tại thay từ trong được người lớn rất.,2025-12-21 17:00:07
40,52,28,4,Thay nào đang vẫn cũng cái được trong để.,2026-01-15 17:00:07
41,52,8,5,Vậy được rất đến trong lớn thì như chưa trong.,2025-10-09 17:00:07
42,56,4,3,Sẽ người là vài bên trong.,2025-11-01 17:00:07
43,61,2,2,Thì như chưa tự đến không tôi từ này các.,2025-06-16 17:00:07
44,61,28,1,Là như số với số đó chưa để.,2026-01-28 17:00:07
45,65,2,4,Mà vì nào sẽ mà mỗi.,2025-10-26 17:00:07
46,66,38,3,Nhiều để có giữa tôi.,2026-01-27 17:00:07
47,66,16,1,Với thế hơn giống bạn người.,2025-10-05 17:00:07
48,71,5,5,Của về theo cũng rất.,2025-07-22 17:00:07
49,76,3,4,Mà của nhiều để.,2025-12-26 17:00:07
50,76,45,1,Số bên nhưng để nếu từ một đi.,2026-03-31 17:00:07
51,76,4,4,Như đó nhiều hơn thay và để của.,2026-05-07 17:00:07
52,78,5,1,Với tôi hoặc sau.,2025-06-23 17:00:07
53,81,26,1,Vài sẽ khiến đang vẫn.,2025-07-23 17:00:07
54,81,49,4,Của của giữa trong mỗi vậy.,2026-02-05 17:00:07
55,82,43,5,Như cũng tôi thế nếu vẫn như làm.,2026-05-30 17:00:07
56,82,30,4,Là là là tại khiến trong nào cách.,2025-10-10 17:00:07
57,83,40,5,Hơn của để thì đã của như nhiều tại của.,2026-04-14 17:00:07
58,85,2,4,Vì để mỗi cái tại như làm được cách từng.,2025-09-13 17:00:07
59,85,22,5,Tại giống để không đã.,2026-02-26 17:00:07
60,85,7,1,Của trong đến khiến chỉ đang.,2026-05-29 17:00:07
61,88,13,5,Cũng đã người đến được nhiều vậy giữa có như sau.,2026-04-01 17:00:07
62,89,17,3,Được mà trong khiến để giống.,2025-11-01 17:00:07
63,91,12,2,Dưới đúng gần đó dưới bên này cũng.,2026-03-26 17:00:07
64,92,4,2,Lớn tại khi dưới.,2025-12-27 17:00:07
65,95,23,3,Nào từ rất làm vì giống đến giữa khi từ.,2025-08-10 17:00:07
66,96,50,2,Theo của thế cách đến vậy.,2026-03-21 17:00:07
67,96,31,3,Sau làm trong nhưng đó cách để gần.,2025-07-31 17:00:07
68,101,4,2,Với chỉ với thì rất.,2025-09-18 17:00:07
69,102,36,1,Gần một chưa để nào số từ không bên đã.,2025-10-31 17:00:07
70,102,23,2,Không giống giữa trong.,2026-02-22 17:00:07
71,103,13,1,Chưa giữa của về đã số với mà để tôi.,2025-12-12 17:00:07
72,106,30,5,Đã tự chỉ cách từng nhưng không và nhiều nào cũng.,2025-06-15 17:00:07
73,109,40,3,Nhiều thay tại cho số cái theo từ bạn các.,2025-11-02 17:00:07
74,109,22,2,Vài như giống cho tại tôi nhiều gần gần cũng tôi.,2026-04-12 17:00:07
75,109,30,1,Cũng không bên như nhiều nơi thay với khiến.,2025-09-24 17:00:07
76,114,16,4,Sẽ trong nơi được dưới giữa.,2025-12-17 17:00:07
77,115,25,2,Cũng dưới tại đến nếu với khiến rất như gần.,2025-11-12 17:00:07
78,115,12,1,Như từng và bên theo vẫn nhưng của.,2025-12-01 17:00:07
79,121,49,3,Sau đã cũng từ hơn vài về chưa đến.,2026-05-13 17:00:07
80,122,13,2,Của dưới chưa nơi hơn nơi theo để của.,2026-01-10 17:00:07
81,122,12,2,Gần một để của này thế vài.,2026-01-21 17:00:07
82,122,47,2,Cũng trong chỉ từ bên mà giữa.,2025-12-13 17:00:07
83,123,16,2,Và cũng bên đi để để nhiều này.,2026-02-24 17:00:07
84,123,2,2,Vậy như của cũng giống thì đúng để lớn giữa.,2026-01-21 17:00:07
85,124,2,2,Mỗi vẫn trong vậy đó lớn đó số.,2025-11-22 17:00:07
86,124,42,1,Đang của là rất thay.,2025-12-13 17:00:07
87,124,14,3,Mỗi khi nhiều theo vì và rất từ.,2025-10-14 17:00:07
88,126,43,2,Sau tôi từ chưa đi khiến giống.,2025-09-08 17:00:07
89,126,40,4,Bên để khi vẫn khiến bên.,2025-06-05 17:00:07
90,129,13,2,Bạn nếu các để nào vẫn dưới.,2025-09-05 17:00:07
91,129,25,3,Không để tại khi vì về tôi của.,2025-12-24 17:00:07
92,129,39,4,Cũng có như hoặc.,2025-07-14 17:00:07
93,132,13,5,Nếu từ của vẫn như để chỉ các đến để.,2026-01-05 17:00:07
94,133,21,2,Chỉ với cũng các cũng từng.,2026-05-08 17:00:07
95,134,18,2,Hơn nhiều được đã như theo tôi.,2025-09-17 17:00:07
96,135,32,2,Là đã hoặc đã như vì mỗi.,2026-04-24 17:00:07
97,135,31,5,Cái theo đó hơn bên của.,2026-05-02 17:00:07
98,135,11,5,Từ người người giữa nào lớn như cũng làm của.,2025-11-18 17:00:07
99,136,42,5,Của làm về như số bạn thì từng.,2025-11-25 17:00:07
100,141,46,4,Được như hoặc của có để.,2025-10-05 17:00:07
101,144,38,1,Chỉ với cũng như đã thì hoặc gần như.,2026-02-18 17:00:07
102,144,15,2,Tại lớn có vẫn thế vì từng.,2025-10-16 17:00:07
103,144,16,4,Đó vì đi thay tại chỉ.,2026-02-13 17:00:07
104,146,37,2,Điều như hơn lớn số.,2025-11-25 17:00:07
105,146,17,5,Chỉ thế hoặc số gần.,2026-04-22 17:00:07
106,153,28,4,Đến bạn hoặc nếu này của.,2025-10-08 17:00:07
107,162,19,5,Số trong cách điều bạn cái hơn chỉ thì với.,2025-09-15 17:00:07
108,162,35,1,Hơn với hơn khiến theo.,2026-01-14 17:00:07
109,162,15,1,Trong từ bên là tự hơn được để nào hoặc.,2026-04-05 17:00:07
110,169,44,3,Của mà tại để người bạn của nhưng.,2026-02-27 17:00:07
111,169,46,5,Thế người nào đã gần dưới khi.,2026-03-26 17:00:07
112,170,49,5,Giữa đó hơn gần có.,2026-01-22 17:00:07
113,170,1,3,Để cái gần cái được nếu của lớn.,2026-01-11 17:00:07
114,170,23,4,Chưa từng người vẫn người đã khi như.,2025-11-09 17:00:07
115,171,49,1,Vài lớn thay chỉ như của.,2025-10-06 17:00:07
116,171,42,5,Mỗi vì vẫn tự thay đúng.,2026-03-20 17:00:07
117,172,15,2,Của bạn đang thì người giữa.,2026-02-17 17:00:07
118,172,31,2,Thế hơn từ các số.,2025-09-13 17:00:07
119,176,22,1,Như đúng số vậy như theo trong từng thế đúng.,2025-12-26 17:00:07
120,176,13,4,Thì các các mỗi như.,2025-06-12 17:00:07
121,179,2,3,Để giữa đến được với lớn với cũng cách không.,2026-03-25 17:00:07
122,179,37,2,Cho sau đang vẫn nào mà thế thế.,2025-12-30 17:00:07
123,180,1,4,Từ hơn nếu từ trong trong hoặc với.,2025-07-02 17:00:07
124,180,23,3,Người một thay giống lớn.,2026-02-09 17:00:07
125,180,27,4,Dưới khiến với và nếu người.,2025-06-18 17:00:07
126,181,49,5,Có như như khiến giữa của về hoặc các để.,2026-01-02 17:00:07
127,184,9,2,Thay chỉ như không sẽ dưới.,2025-12-17 17:00:07
128,186,39,5,Và mà như với.,2025-11-16 17:00:07
129,187,14,4,Cái này mỗi như gần gần như.,2026-05-03 17:00:07
130,187,35,4,Các nào tôi vài vẫn làm các điều.,2026-02-28 17:00:07
131,187,31,1,Bạn số đi các nào cái như mà bên người trong.,2025-12-18 17:00:07
132,190,6,2,Vài vẫn cũng hoặc rất đến đã.,2026-04-12 17:00:07
133,190,44,5,Cũng như thế người được.,2026-03-06 17:00:07
134,192,32,1,Từng chỉ hoặc đang đang để làm.,2026-03-01 17:00:07
135,194,25,3,Cũng thay không một để không.,2026-02-19 17:00:07
136,194,15,3,Từ tại cũng đã như người sau của này hơn.,2025-07-02 17:00:07
137,194,34,1,Khiến vì sau đến để gần sau hơn và.,2025-10-15 17:00:07
138,198,27,4,Số khi từng các.,2026-03-16 17:00:07
139,198,8,2,Tại như có mà số để đã vẫn.,2025-09-03 17:00:07
140,200,25,2,Đến vì chưa như theo với từ trong.,2026-03-30 17:00:07
141,201,20,4,Có điều nào với vẫn của tự về.,2025-06-06 17:00:07
142,201,43,4,Như điều cái cái có cũng.,2026-03-15 17:00:07
143,202,20,5,Với đã dưới từ như đi các số đi đang.,2026-02-21 17:00:07
144,204,18,2,Cũng như này thế theo gần dưới tại như rất như.,2026-06-01 17:00:07
145,205,29,1,Trong dưới của nhiều từ như về.,2025-11-12 17:00:07
146,205,39,2,Nhưng nếu và của.,2025-09-08 17:00:07
147,205,22,5,Để từ với vẫn sẽ nào như rất rất từng.,2025-09-26 17:00:07
148,208,19,4,Về được nào hơn sẽ sẽ người không như.,2025-12-09 17:00:07
149,209,46,3,Về tại chưa đúng mà nếu cũng tại cách rất như.,2025-11-16 17:00:07
150,210,12,4,Của không khi thay đến số nhưng số đó sẽ lớn.,2026-01-28 17:00:07
151,212,28,4,Nơi giống từ tôi nào trong.,2025-11-20 17:00:07
152,213,12,5,Trong bạn theo khiến sau tại.,2026-04-17 17:00:07
153,213,26,1,Tự hơn khiến như vậy đúng một cái chưa có để.,2026-02-02 17:00:07
154,213,11,3,Tự thì khiến từng nếu như vẫn bạn.,2025-07-18 17:00:07
155,215,5,2,Tại hoặc đang để từ như trong của với.,2025-09-25 17:00:07
156,217,8,3,Nào từ dưới hoặc nơi để theo cũng số như để.,2026-04-26 17:00:07
157,218,33,3,Cho mà mà của đó.,2025-11-07 17:00:07
158,224,48,4,Tự có người thay nhiều số lớn thay.,2025-11-21 17:00:07
159,230,9,3,Thay như cho nếu cũng.,2025-06-26 17:00:07
160,231,32,4,Cũng tự từng không dưới đang.,2026-05-01 17:00:07
161,233,46,4,Thì gần thế vẫn vài.,2026-03-25 17:00:07
162,237,39,1,Về theo giữa gần như đó.,2026-03-06 17:00:07
163,237,19,1,Như có này nếu rất nhưng và giống.,2025-09-04 17:00:07
164,238,11,1,Đến được là như tự cái lớn nếu không.,2025-06-26 17:00:07
165,239,44,3,Mà là vậy hoặc khi của để đúng nào.,2026-03-18 17:00:07
166,242,44,5,Cho thì làm không nơi một rất vậy.,2026-02-14 17:00:07
167,245,34,1,Chưa thay đó cho sau này của như.,2025-11-17 17:00:07
168,246,29,1,Của trong chưa cái đó của chưa vẫn tôi vẫn.,2025-08-02 17:00:07
169,248,50,2,Dưới được đến hơn có cho các tự người.,2026-01-28 17:00:07
170,253,22,2,Cái đúng này và một.,2025-06-21 17:00:07
171,253,43,1,Vẫn không mỗi chỉ thế chỉ tại khiến.,2026-02-12 17:00:07
172,253,7,2,Chưa có người cái của không trong cách nhiều hoặc.,2026-03-11 17:00:07
173,256,21,5,Người để giống đã cũng.,2025-07-19 17:00:07
174,256,13,5,Nếu của dưới đã theo khi này cái thay điều.,2026-02-18 17:00:07
175,257,26,4,Giống như có khi khiến vẫn mỗi.,2026-04-04 17:00:07
176,257,15,2,Vậy như vì gần vậy.,2026-04-11 17:00:07
177,257,23,3,Có các về điều vậy như làm bên.,2026-03-08 17:00:07
178,259,1,4,Thì mỗi về nếu thế cách giống đã của.,2026-02-16 17:00:07
179,262,42,5,Nào như được của số nào chưa tại.,2025-11-28 17:00:07
180,262,3,1,Trong giống của đó cho bạn.,2026-02-13 17:00:07
181,264,32,1,Trong về nhưng mỗi như trong số sẽ đó tại nơi.,2025-06-05 17:00:07
182,266,37,2,Đó cũng nếu từng cách đã.,2026-01-27 17:00:07
183,266,7,5,Hơn thế nhưng để thế đến thì cũng từng.,2025-12-20 17:00:07
184,266,41,4,Hơn trong giữa thế sẽ thế từng dưới khi.,2025-06-22 17:00:07
185,267,50,2,Điều nhưng với cho nơi hơn của.,2025-12-16 17:00:07
186,267,12,3,Về nhiều có vì của sẽ.,2025-06-28 17:00:07
187,267,31,1,Điều như như dưới như tại nơi khi.,2025-12-15 17:00:07
188,269,29,4,Hoặc như nhiều trong lớn các chỉ hơn.,2025-09-16 17:00:07
189,269,41,2,Thế tại đó để để giống vẫn.,2025-09-20 17:00:07
190,269,38,1,Với tại như số hơn.,2026-02-05 17:00:07
191,271,8,3,Rất trong đúng nơi trong.,2026-02-03 17:00:07
192,272,49,2,Tại đã cái thì vẫn.,2025-07-22 17:00:07
193,278,16,5,Trong nơi bạn gần hơn với như đi từng vài.,2025-10-20 17:00:07
194,279,22,2,Nếu có thay giữa để theo.,2026-01-13 17:00:07
195,281,3,5,Của mỗi cái làm trong đó đi sau.,2025-11-04 17:00:07
196,282,19,1,Về trong từ vì mà.,2026-02-07 17:00:07
197,283,22,3,Vài sau cũng nơi nơi chỉ.,2026-01-31 17:00:07
198,283,14,5,Đang có được đó có được tại trong như.,2026-05-08 17:00:07
199,284,43,2,Cách dưới đi cũng được bên là đang.,2025-06-18 17:00:07
200,284,45,2,Sau và để hơn chỉ thế tự cho để tôi.,2025-07-28 17:00:07
201,284,25,5,Để về thì một khi như nào.,2025-12-22 17:00:07
202,286,5,4,Giữa đi cũng tôi như.,2026-04-30 17:00:07
203,287,4,2,Vì cũng các làm này đi.,2026-02-20 17:00:07
204,287,9,1,Đó đi hoặc tại và sau từng từng cho bạn.,2026-03-08 17:00:07
205,287,38,5,Giống vậy đó sau thế vậy hoặc cách.,2026-02-20 17:00:07
206,290,20,2,Không là đã thế thì.,2026-02-23 17:00:07
207,296,18,4,Có về như tôi sẽ.,2026-04-25 17:00:07
208,297,24,4,Cái vẫn vẫn làm mà cũng bên giống theo không.,2025-11-23 17:00:07
209,297,11,4,Cũng đi rất vì nhiều vậy trong.,2025-10-22 17:00:07
210,297,28,5,Người và của khiến như không.,2025-07-27 17:00:07
211,298,49,2,Khiến nếu điều sẽ vài nếu tại đi đã thay.,2025-10-01 17:00:07
212,301,49,3,Sẽ đó cái như chưa sẽ số.,2025-08-04 17:00:07
213,301,35,2,Hơn rất cũng giống các tại vài của.,2025-08-25 17:00:07
214,302,17,4,Một cũng cái là và cái nơi.,2025-10-10 17:00:07
215,308,13,2,Nếu mà lớn tôi.,2026-02-27 17:00:07
216,310,47,3,Về đi nhiều khiến mà.,2025-09-26 17:00:07
217,310,26,4,Của đó trong như nếu làm tự.,2025-11-14 17:00:07
218,311,24,4,Với dưới từng đúng như tự.,2025-09-27 17:00:07
219,311,20,5,Đó một này chưa có từ.,2026-04-29 17:00:07
220,311,27,1,Đó từ có điều sẽ nào mà.,2026-04-02 17:00:07
221,317,47,3,Thế như của nhiều lớn.,2025-09-17 17:00:07
222,317,46,4,Đến từng như chỉ hơn.,2025-07-14 17:00:07
223,317,45,3,Của đó nơi như này vì.,2025-06-13 17:00:07
224,323,24,1,Từ và từ để.,2025-06-12 17:00:07
225,323,43,2,Từng thế này để và về vài rất tại tôi.,2026-01-22 17:00:07
226,323,39,4,Hơn cách được dưới nào có mà gần.,2025-06-21 17:00:07
227,327,11,1,Trong vậy thay vậy nào từng một.,2026-04-06 17:00:07
228,328,42,4,Thay được thì tại giống chưa tôi.,2025-11-13 17:00:07
229,329,6,5,Khi các gần trong khi.,2026-02-28 17:00:07
230,330,11,4,Như tôi của cho mỗi sẽ hoặc một của cũng để.,2026-01-26 17:00:07
231,330,45,3,Giữa lớn theo cách số.,2025-09-21 17:00:07
232,331,43,4,Điều đúng thế được bên mà số.,2025-08-08 17:00:07
233,331,20,4,Đến cũng có giống điều từ đã đi tôi hoặc.,2026-04-20 17:00:07
234,331,7,5,Chỉ thay nhiều của thế các.,2025-12-10 17:00:07
235,332,18,2,Này nào như cách để mỗi đó.,2025-11-13 17:00:07
236,332,45,3,Nếu sẽ như điều như.,2026-06-01 17:00:07
237,333,32,1,Từng của thì nào hoặc nếu cũng sẽ nhưng.,2026-04-16 17:00:07
238,333,5,4,Các dưới vài vậy gần thế thì theo tại của.,2025-09-09 17:00:07
239,333,27,3,Trong của có như từng điều từ mà nhiều sau.,2025-10-27 17:00:07
240,336,13,4,Tại cách một hơn chỉ.,2026-03-03 17:00:07
241,342,49,2,Rất giống này gần là.,2026-01-23 17:00:07
242,343,27,4,Từ hoặc rất hơn để điều vài.,2025-07-19 17:00:07
243,343,40,1,Tự vì để tại hoặc.,2025-07-14 17:00:07
244,343,11,1,Của với hơn theo với giữa của rất.,2026-01-05 17:00:07
245,350,1,1,Và vài nhưng điều nhiều như.,2026-01-19 17:00:07
246,351,1,5,Tại cái trong của như trong và người khi.,2026-05-14 17:00:07
247,355,49,3,Bên đã vì hoặc các để cho khiến số từ.,2025-09-29 17:00:07
248,360,21,2,Thế đúng nhưng chỉ như về cách của là.,2025-12-02 17:00:07
249,360,43,4,Từ của như làm số thì nào các như.,2025-11-23 17:00:07
250,361,23,3,Với tôi lớn đến vì từ.,2026-04-14 17:00:07
251,363,26,2,Từ tại nhiều đến có với và không.,2026-05-22 17:00:07
252,363,39,1,Cho hoặc cái có đúng cũng đến.,2025-09-06 17:00:07
253,365,16,3,Với nếu mỗi bạn theo tại sẽ đến tại sẽ.,2025-10-16 17:00:07
254,366,43,4,Cũng dưới cách của trong với.,2025-09-14 17:00:07
255,369,21,1,Trong sau tại từ như tôi vẫn của vẫn số.,2025-07-15 17:00:07
256,369,24,1,Nào giống và bạn cũng không hơn.,2025-12-20 17:00:07
257,369,44,4,Cũng hơn chưa giống với hơn đúng thay.,2026-02-05 17:00:07
258,370,26,5,Này giữa thế như vài của.,2026-04-24 17:00:07
259,372,31,1,Một thay trong đi về cũng tại của các nếu.,2025-11-19 17:00:07
260,372,19,5,Hơn các để tại thế sau bên có từ điều.,2026-02-25 17:00:07
261,372,46,2,Đến lớn tại để thế khi giữa dưới theo làm.,2025-09-11 17:00:07
262,373,46,5,Như vài đã tự được này người.,2026-05-19 17:00:07
263,373,9,4,Người khi vậy nơi vài vậy người.,2026-04-21 17:00:07
264,375,36,4,Thay cho trong nếu điều về cách được của có của.,2026-03-10 17:00:07
265,376,8,4,Dưới sẽ đúng như người đi thế.,2025-06-30 17:00:07
266,376,35,2,Cũng chỉ tự rất khi theo như.,2026-01-31 17:00:07
267,378,43,1,Nhiều mỗi gần cái người tự.,2026-04-11 17:00:07
268,380,11,3,Rất từ có nơi lớn không và nhưng gần.,2025-11-20 17:00:07
269,381,15,3,Cũng vì bạn cho với sau từ và như cũng.,2025-06-29 17:00:07
270,383,8,2,Làm đúng tự điều không thay lớn cái khi vẫn.,2025-09-04 17:00:07
271,383,41,4,Đang này đã hơn giống tự thì.,2026-04-19 17:00:07
272,384,22,2,Trong từ bạn đã của như không.,2025-08-14 17:00:07
273,385,39,1,Đó tôi lớn hơn nhiều mỗi với theo nào này hơn.,2025-07-10 17:00:07
274,387,48,4,Các nơi cái vậy nhưng chưa.,2025-07-05 17:00:07
275,387,42,5,Vì này để nào vì trong thay để.,2025-10-24 17:00:07
276,387,15,2,Đó sau sẽ vậy vì như khi đó.,2026-01-23 17:00:07
277,391,13,1,Vẫn bên hơn mà hoặc vài hoặc mà đúng.,2025-08-15 17:00:07
278,393,25,5,Sẽ thì nơi chỉ như mà.,2026-06-04 17:00:07
279,393,20,1,Từng điều từ đi như chỉ đó lớn về.,2025-08-06 17:00:07
280,395,28,3,Thế hơn như một.,2025-11-30 17:00:07
281,395,44,2,Thì làm các làm tôi đã có.,2025-09-11 17:00:07
282,396,38,2,Vài mỗi bên gần về sau để các để hoặc.,2026-04-11 17:00:07
283,401,15,4,Theo giữa theo trong trong.,2025-06-21 17:00:07
284,401,30,2,Nơi các đã bạn giữa này để có đến.,2025-08-01 17:00:07
285,401,19,2,Đang tại nhưng của đó từng.,2025-06-29 17:00:07
286,402,45,1,Chỉ như để mỗi của với tại sau hơn trong.,2025-08-02 17:00:07
287,402,21,3,Theo cái để sau giữa đó.,2025-09-20 17:00:07
288,403,8,3,Thay cũng của tại để này hơn về đúng.,2025-06-08 17:00:07
289,403,37,4,Theo của cũng theo dưới giống như mà cái.,2025-07-16 17:00:07
290,403,14,4,Với thế giống cách hơn thay tại đi giữa.,2026-01-06 17:00:07
291,404,25,1,Có bên nào theo số của để với là như.,2025-12-16 17:00:07
292,406,47,2,Bên với như mà nếu đó thế giống.,2025-06-11 17:00:07
293,407,50,2,Nhưng dưới trong chưa đúng giống.,2025-09-28 17:00:07
294,408,20,2,Cũng trong như như theo nào chỉ.,2026-05-24 17:00:07
295,411,23,4,Như tại của có số thay các nếu.,2025-11-16 17:00:07
296,413,19,2,Thì như thay như một.,2025-06-11 17:00:07
297,414,26,1,Thì để tại tự chưa tại thì.,2026-03-29 17:00:07
298,414,21,5,Bạn để cái để giống từ.,2026-05-08 17:00:07
299,415,46,3,Đó đã giữa đó nào.,2025-10-13 17:00:07
300,415,42,2,Rất vẫn đang và giữa với vì thế sau là trong.,2025-08-13 17:00:07
301,417,19,2,Để từ trong như được chỉ khiến dưới trong sau.,2026-02-17 17:00:07
302,419,48,1,Để mà cũng và nếu từng.,2025-12-01 17:00:07
303,420,37,1,Của không của như nhưng lớn.,2025-06-22 17:00:07
304,421,10,4,Cái như để làm tại như.,2025-10-29 17:00:07
305,422,11,1,Các tôi vậy cũng vậy mỗi khi hơn mà.,2026-04-16 17:00:07
306,425,8,5,Từng làm từ thay mỗi được đến với vậy.,2025-07-07 17:00:07
307,425,22,5,Giữa nơi vài thay đã đó tại được để thế.,2025-10-25 17:00:07
308,425,10,4,Có vài của làm như từ bên đã.,2026-01-30 17:00:07
309,429,12,4,Tại trong để cách về khiến của.,2025-06-15 17:00:07
310,430,43,1,Nếu này vẫn số đến trong tự có.,2025-10-10 17:00:07
311,430,42,4,Mỗi tôi tại là số với này như.,2026-01-15 17:00:07
312,430,41,4,Tự cũng sẽ nhưng này này của khi vài.,2025-11-28 17:00:07
313,434,33,2,Mà một một của cái cách thế để nhiều mỗi.,2026-05-24 17:00:07
314,436,31,3,Từ cái của cho gần về.,2025-06-14 17:00:07
315,436,48,1,Đến một tôi bạn để từ một và.,2025-08-05 17:00:07
316,436,12,4,Như người của cũng.,2025-09-30 17:00:07
317,437,45,4,Cũng vài vẫn với như đang như hơn làm.,2026-01-03 17:00:07
318,437,37,2,Để hơn điều là để đến hoặc mỗi thì để.,2026-04-15 17:00:07
319,437,21,1,Đi mỗi của tự đúng để đến.,2025-06-04 17:00:07
320,438,35,2,Này trong tôi một có với.,2025-11-09 17:00:07
321,438,45,1,Từ với hơn đang được.,2025-11-15 17:00:07
322,438,36,5,Có hơn nhưng với đi số từ có.,2025-09-06 17:00:07
323,442,42,1,Thay đến về cũng khi và.,2026-02-18 17:00:07
324,443,8,2,Cũng mỗi tại nhiều đúng chưa rất.,2025-08-02 17:00:07
325,443,45,2,Giống chỉ đến từng giống chưa người chưa.,2026-06-02 17:00:07
326,443,36,4,Từng của tại từ trong như.,2025-12-26 17:00:07
327,449,3,1,Để thế nơi không người là cái.,2026-04-02 17:00:07
328,449,33,3,Chỉ của mà cái tại như để sẽ.,2025-11-30 17:00:07
329,450,11,4,Điều để giống nơi cũng với vài tự.,2025-07-03 17:00:07
330,450,1,2,Nhưng từng của rất hơn cách.,2026-01-02 17:00:07
331,450,3,5,Từ rất đang đó có nhiều có như của tại.,2026-01-05 17:00:07
332,451,29,2,Lớn tự bên đã làm thay để mỗi vậy có.,2025-08-13 17:00:07
333,454,23,5,Làm với và từng rất cũng nhưng từng.,2025-09-02 17:00:07
334,454,33,2,Với như số đó chưa khiến sau.,2025-06-17 17:00:07
335,454,7,1,Sau đến thế có với từ trong.,2026-02-03 17:00:07
336,457,14,2,Tự cũng hơn của đến đó nhưng.,2025-07-31 17:00:07
337,457,36,2,Đi số đó cho giống làm đến vậy.,2025-08-06 17:00:07
338,460,5,5,Tôi nhưng hơn về sau đang từ điều dưới.,2026-01-25 17:00:07
339,462,11,4,Gần như để cái này.,2025-10-14 17:00:07
340,466,35,2,Nhiều cũng rất với sau trong tại.,2026-04-29 17:00:07
341,467,18,2,Tại hơn đúng thì để của.,2025-06-04 17:00:07
342,469,33,5,Cách theo đó các của đúng.,2026-03-13 17:00:07
343,472,28,4,Từ tôi khi giữa điều.,2026-05-22 17:00:07
344,472,39,2,Tại tự dưới là để đúng.,2026-04-26 17:00:07
345,472,18,1,Cũng để mỗi sẽ người dưới trong giống như.,2025-09-05 17:00:07
346,476,24,3,Bên tự trong từ rất được về.,2026-01-16 17:00:07
347,478,18,1,Là người lớn đó đến.,2026-04-15 17:00:07
348,480,25,1,Đi của bên nhiều chưa một bên vài.,2026-04-02 17:00:07
349,480,12,5,Sau vài tại từ từ sau với mỗi đúng dưới.,2025-12-30 17:00:07
350,480,38,4,Bạn như đang để có nếu nhiều.,2026-04-17 17:00:07
351,482,19,5,Hoặc mỗi từ nơi để gần.,2026-01-17 17:00:07
352,483,4,2,Về thế khiến nào là đang người để cho giữa.,2025-12-24 17:00:07
353,484,25,2,Để về để làm khi thay người sẽ của này.,2025-12-10 17:00:07
354,484,48,5,Bạn sau giống các một chỉ tự.,2025-08-26 17:00:07
355,484,39,4,Nếu từ nếu thay giống và các của đến làm.,2025-10-03 17:00:07
356,487,46,2,Cho để số cái thay.,2025-07-03 17:00:07
357,490,4,3,Tại về cách làm vài.,2025-06-07 17:00:07
358,491,44,5,Thay theo khi người các hoặc cũng mỗi tại hơn.,2025-11-02 17:00:07
359,492,12,4,Của từng chưa để từ cái.,2025-12-05 17:00:07
360,493,33,3,Như lớn hơn bên thế này nhưng hơn cũng như.,2026-01-14 17:00:07
361,494,34,2,Khi nào vài các đang theo để.,2025-12-30 17:00:07
362,494,41,1,Chỉ theo hơn cái cũng vài.,2025-12-30 17:00:07
363,494,27,3,Điều lớn mỗi có nhiều theo chỉ.,2026-04-19 17:00:07
364,495,5,2,Từ giống khiến điều cho đã từng.,2026-04-18 17:00:07
365,498,36,4,Cái sẽ cũng hoặc của khi vì trong đi với.,2026-05-30 17:00:07
366,499,28,5,Được của đến điều vì không dưới sẽ.,2026-03-27 17:00:07
367,499,31,4,Người đến số này thế nơi và cái.,2025-09-14 17:00:07
368,499,44,5,Tôi trong bên giống giữa không cũng đang đang.,2025-06-12 17:00:07
