user_id,name,phone,email,password_hash,role,created_at
1,An Vũ,0369784801,johnle@example.net,617aad113a89628cc66ac3c126b5204d7f8ed92bd29f0bf74de1c21f69a20358,customer,2026-06-04 17:00:07
2,Hải Mai,0169847896,hoangjane@example.org,464ad264be8ca179dbf759699c5eec1fd9d135aeb6f4c71cae761ab6e0a2e652,customer,2026-06-04 17:00:07
3,Hương Phạm,0133942104,johnmai@example.org,4c6b0faf5405fce2684556d1e6893dc4247b8dbcab4d3b261dd1646379a222e5,customer,2026-06-04 17:00:07
4,Lâm Mai Hoàng,0104556238,john26@example.com,f967e25269db8a265fc003c2885c9dafeda065f2dbd9d1a7114b3b70900bde3f,customer,2026-06-04 17:00:07
5,Hoàng Phạm,0137556464,john16@example.org,7ce20d1095d1ebd2c4aa8ae1e21ee1f3d0b505e4cde7ec01c92fe66e392fcaec,customer,2026-06-04 17:00:07
6,Quang Đức Nguyễn,0869594406,hmai@example.com,cc30685a846b032fbfce92a5523b8fe3197c93869af6b11a710b64c1089b80b3,customer,2026-06-04 17:00:07
7,Phương Vũ,0913361386,john10@example.net,5ff12dcffbe803826cbd0d18edfda484501451aa706c0fe5c927810ab866e805,customer,2026-06-04 17:00:07
8,Bà Hương Phạm,0391769367,buijane@example.com,cd4990513f46f4b8e0a8e4e0652c5cb4dd0e76ea06e9c52386638695ac36ca2d,customer,2026-06-04 17:00:07
9,Phúc Phú Đặng,0843292127,janetran@example.net,2cff045602192bc903398e45103a422054dd1d54e1585c6d53a1769334236fc9,customer,2026-06-04 17:00:07
10,Chị Bảo Dương,0969340608,ovu@example.net,0e3a193a8c0adcf8e78bef5e47a4ccdb320106f3f110f2e048339e558acb1a16,customer,2026-06-04 17:00:07
11,Bà Ánh Nguyễn,0918367365,johndang@example.com,68850b85da79af69d90c7e1b9abe0327874ba2f1a4934574728b4f0cd2a291c6,customer,2026-06-04 17:00:07
12,Vũ Phạm,0354235116,john76@example.net,baf79fe5b17362b451a0bfebeb87f8e320f6af0e50737415af1e03ed3582c716,customer,2026-06-04 17:00:07
13,Anh Anh Lê,0167737826,janehoang@example.com,14ddb628833234cf1da9d00c5f620e82df6ec33ac73d10b27400be692e470b04,admin,2026-06-04 17:00:07
14,Thành Hải Lê,0124140602,wtran@example.org,2f8096acef067e6e98cf210fe5b5aed66a95b2b6b80d64f737c0091275ed38aa,customer,2026-06-04 17:00:07
15,Bảo Lê,0982992299,ehoang@example.com,73b965c212c1a792a266787134916a53911e94067800eacbe8d454a0db80ef1c,customer,2026-06-04 17:00:07
16,Khoa Mai Mai,0827648350,john18@example.com,b8d6a39d51515537e8c594096c8667b6831e9ce35db6885f48d5850f8f008076,customer,2026-06-04 17:00:07
17,Tú Thế Bùi,0362676586,janenguyen@example.net,c206005c78a945adc700da374497276d743d2b879d8f492958426499d169b4d7,customer,2026-06-04 17:00:07
18,Minh Lê,0994311426,vujohn@example.org,0339773e245cfc3bf5f2958e866e4d76dafdf01044049257555e686a02b7784a,customer,2026-06-04 17:00:07
19,Phúc Văn Hoàng,0131329121,jane01@example.com,df1dc4c01944657ee60327fb38fd0b0a22c1d2ed6b344e0fae0b7b67dc5a5a3e,customer,2026-06-04 17:00:07
20,Quang Nguyễn,0830365414,johntran@example.net,b5eae7aaa84a91f23f83061d557f4aff869d443929c509e73c184659dc80bf0f,customer,2026-06-04 17:00:07
21,Ông Tùng Lê,0367010651,janemai@example.org,cfb53e476e6648634f36f3cbeb6d8618bfe437666ed44a536cc78276da2fd103,customer,2026-06-04 17:00:07
22,Minh Hoàng,0368516122,ipham@example.net,6c43929069d77de493038c6c4a765e20408069dbfaf5d6f2ddda64aa81ad8ed5,customer,2026-06-04 17:00:07
23,Bà Hồng Đặng,0311002255,cmai@example.org,1fdfe0f25a8e51f7753b875b22279c8d7bd96d99e5aebe337cc1f2a6fc119ae1,customer,2026-06-04 17:00:07
24,Chị Hương Đặng,0165648236,hoangjohn@example.net,2299f465c2786329d505535c5fdfea1fde6086915d3a34566b4872d480abec02,customer,2026-06-04 17:00:07
25,Cô Hương Nguyễn,0103447134,,aca940756179960a4e7966e8391dfd41e75b03d5ca381cdb2266101face3fb44,customer,2026-06-04 17:00:07
26,Cô Xuân Nguyễn,0833346800,,79de150eb079f61728fde07322ab4986e3e6c135f5a665622285541a795b8ac2,customer,2026-06-04 17:00:07
27,Vũ Hải Vũ,0867837770,ipham@example.org,228818c0c333e595c2e3ce23575e8d2812743f79cf86354ff66cd63d18685f91,customer,2026-06-04 17:00:07
28,Anh Châu Bùi,0359738320,johntran@example.net,f0ce094bcd501fec84c43537ea192fff0e0b088273920802ca3c12034d2e3bf8,customer,2026-06-04 17:00:07
29,Thành Bảo Bùi,0360366909,rnguyen@example.net,a1ac935864c30b60e79e978999c17b913ce5f293653de3537778e7ba4f110b1d,customer,2026-06-04 17:00:07
30,An Bùi,0388623924,john33@example.org,d47b652b9f0e0395bcef18a8c234bec75e5c779c5a0c1584c168c5edf71380b2,customer,2026-06-04 17:00:07
31,Anh Huy Lê,0196965328,jane31@example.com,7aabd41a97b573722e79479bda6273e6a80161ab472774eb050cd2addb4b131c,customer,2026-06-04 17:00:07
32,An Mai,0898214658,tranjohn@example.org,7c35393c59932d302d80f795c885d704e6ee6479986b1283841585e403c552ec,customer,2026-06-04 17:00:07
33,Nhật Mai Bảo Phạm,0340052427,knguyen@example.com,c6049460998ee45e22ea8689b09dbb4f4da707b5d416af66c999537cbfc2ef3d,customer,2026-06-04 17:00:07
34,Hồng Vũ,0990158144,bvu@example.net,ff1b11688c85a3a3b3765a8b580b9b2fcf173cb49aa601a2916c0b280740a832,customer,2026-06-04 17:00:07
35,Anh Trung Vũ,0980552696,johnhoang@example.net,9b6b0f6da25c4de2da6adc4bb479548d0fb532eae733155b9775ae7768002f6c,customer,2026-06-04 17:00:07
36,Yến Đặng,0342054932,nguyenjane@example.net,212bad46081dd6a3314c1a513e1b9357f6701ce1723a6cb178ba09cc220c566a,customer,2026-06-04 17:00:07
37,Cô Phương Trần,0119518023,johnhoang@example.org,76ddf6e84c712a6ad0d363d475331923ee518c19c9cd05ac972b01f16fc10f5f,customer,2026-06-04 17:00:07
38,Quý cô Hương Hoàng,0366676008,johnhoang@example.org,fa1d1d5af1b61667d4497191dfda0dbfb926009af746ad673a6b7100ad75dcf3,customer,2026-06-04 17:00:07
39,Hải Tấn Vũ,0887214895,janepham@example.com,1e33e5829f965cf1d3a027b34b4b98cf05534b87324e91708df49cd53287d89c,customer,2026-06-04 17:00:07
40,Bảo Thế Dương,0104499727,john07@example.net,6592828ab0d63459f62a8c6a4eb7f390a0ac90fcb5969c66988ff7f897ddcc12,customer,2026-06-04 17:00:07
41,Hà Mai,0903930870,janele@example.com,f35de3ad371e61bffe0a9ff7a14fe8aa3b40264170512a02128f62d3b979e44c,customer,2026-06-04 17:00:07
42,Lâm Đặng,0823955905,john78@example.net,881d73df4d49be8128bddc204fff75f03e0f1226d3449184f7b7743aa9724d04,customer,2026-06-04 17:00:07
43,Trọng Mai,0854216894,maijane@example.net,4799c4506ee26a4b01cb530f55081cb3d94d045ffa909c49fcd4b8651ad50e93,customer,2026-06-04 17:00:07
44,Bảo Vũ,0351079911,tranjohn@example.com,c2caf74f66b005b3a02d655a83c6be8bfad36cb7bcfb5c74ba2cc8b205e90ecb,merchant,2026-06-04 17:00:07
45,Trọng Phạm,0164743671,john48@example.com,69ed508e81da50fcb82c17f7aa7f9f59b95070df568fdd34c49731390571adb5,customer,2026-06-04 17:00:07
46,Hưng Trần,0858815371,cvu@example.org,26358f2a7ceae3fce6d8a9fd2945694827367b96a659e738b6d88f3fb6f5f6d8,customer,2026-06-04 17:00:07
47,Hoàng Đức Lê,0926206724,tmai@example.com,1a4a88d55a01625157f72afdf0ca10e33a8ea9df83344b60341ab7be3decbc71,merchant,2026-06-04 17:00:07
48,Hương Trần,0955792499,johndang@example.net,2bf2f9e6e01279024ac209a6eca8ae8a74f2984b311efc5d8c8352e9998af323,customer,2026-06-04 17:00:07
49,Quý cô Bảo Nguyễn,0921913619,jane05@example.org,9bcca39c3a08278438ff27901b50a7dc86d6aa9b803455516d0795be4abb8156,customer,2026-06-04 17:00:07
50,Cô Linh Mai,0160466183,vhoang@example.org,8c8dc3ca54083ef30640e6dd15ffb31d936757b6e6ada4efb839681ae8b80f1a,customer,2026-06-04 17:00:07
51,Chị Vi Lê,0833945228,lnguyen@example.net,33a653dac6067ad4ab9716abbf04411a25dce89675db136ba79cbccfc5befa32,customer,2026-06-04 17:00:07
52,Huy Hải Vũ,0882675869,johnbui@example.org,cfe21f938e27a367cda99f3274091230b54e354f4be018cc18261db77afb8c7a,customer,2026-06-04 17:00:07
53,Anh Trung Dương,0308317278,jane33@example.org,9431ab13ffa674d50ec1e531aa10ef1b3d7b1635f3df096387280c98d1fe1dee,customer,2026-06-04 17:00:07
54,Quý cô Linh Vũ,0101965569,vujane@example.net,2945eebc65802568f716f563a39513f6facff9a699242ec6cb7e78b9f95b7008,customer,2026-06-04 17:00:07
55,Hải Tấn Nguyễn,0149904530,vujohn@example.net,49d9801c690368862753f39b7afe975e3190851927d08e012134792859087f80,customer,2026-06-04 17:00:07
56,Hưng Trần,0897187072,udang@example.com,0b95c79c934ebb94b2b801d80c056b815532f3098ba41ed6b7b194aaae8d3e13,customer,2026-06-04 17:00:07
57,Khoa Đức Bùi,0172304618,janenguyen@example.net,1cfc3be188b1ac932e00e14dbb552e30c51548702db6d764e2ebabca05ddb9f3,customer,2026-06-04 17:00:07
58,An Hoàng Đặng,0118347382,qtran@example.com,064b17af520ca311413bf96139ea1e2a191725a9c2881bd0ce9a45711c651c99,customer,2026-06-04 17:00:07
59,Tú Thế Mai,0134103697,jane56@example.net,ea8db535b86394bb12bc358ea3fe07a4e21e8d7f0929c3789efe3c71953230ad,customer,2026-06-04 17:00:07
60,Tùng Lê,0971461125,janebui@example.net,be65db62771066416205fbc2716b712eb5d0259befed3fa8efdac92aa9982ce8,customer,2026-06-04 17:00:07
61,Bà Kim Mai,0354965137,vujane@example.org,dc4a469204106cce5386d6b7fde273a5e5ed49b69f8212c0594e943b0d54d5e7,customer,2026-06-04 17:00:07
62,Khoa Tấn Dương,0186850142,rduong@example.org,5339cf464b67d8c565d0ee57e88ffdeafb3a784eaea6662f43135b0fea3d1e17,customer,2026-06-04 17:00:07
63,Anh Vũ Vũ,0302966706,john34@example.org,a228a3cbda918cebe38e4f3338b17026cf8567521533bc33c6e91486acbb3157,customer,2026-06-04 17:00:07
64,Chị Ngọc Nguyễn,0973741672,janehoang@example.org,73c14695b144482dbb33ac208f20aef06ba046c0abdb563e0e7352e495cb0b82,customer,2026-06-04 17:00:07
65,Quý ông Nhiên Phạm,0127722170,zduong@example.org,0e8595e501e1cb99b7e1aeaf3c8de036fcebed91abd687e784a39177318b767f,customer,2026-06-04 17:00:07
66,Cô Hà Bùi,0889539264,johnmai@example.com,8f3bb0fa5d9e4cc892fc799bea55ca6eed1036d8352d7645343794a9c6606e01,customer,2026-06-04 17:00:07
67,Vân Phạm,0933173936,duongjohn@example.com,672e3e866b0c5995fa095d2b0f521c084857a2abfbece1aa70dce26ca17dd7d5,customer,2026-06-04 17:00:07
68,Bảo Bảo Mai,0880571983,,b59d633eb900b5f09af185ca1cc56979eaaa386b4b8b721c3d3d2ee55775bf1c,merchant,2026-06-04 17:00:07
69,Anh Châu Dương,0884279788,john48@example.com,318bd7af2fed2d2e365ca6d270113dd24884b8ef4f8e94e8e4a6b601d1fe6347,customer,2026-06-04 17:00:07
70,Bà Chi Trần,0352341389,john45@example.com,6857cee8e3e5a8bb491d2d4fd94aa24da5011596fda3d829e5e1ec406421944b,merchant,2026-06-04 17:00:07
71,Bảo Lê,0944206788,janele@example.net,b17483e9f52e8eee5e2d4ced6be67fc23f4cbdd34875726a7d52e8575c0a9e11,merchant,2026-06-04 17:00:07
72,Cô Hồng Bùi,0113836702,jane60@example.org,cd6703684a21daff4703eaf817115760997d95d1b6e9bf299cea6eacc41e7e1d,customer,2026-06-04 17:00:07
73,Kim Văn Hoàng,0810447898,aduong@example.com,bd03240f8e164d7e869bbeede8b67f8bd4ab617cc26d37ea8a6bfcfded760141,customer,2026-06-04 17:00:07
74,Thành Bùi,0136995777,janepham@example.com,4ab9c26e5f036b08eea1ea1bc77adc7129625a72d19ff1663daf21740028fbba,staff,2026-06-04 17:00:07
75,Nhật Văn Bùi,0934332003,jane27@example.org,95474d75daf53dbf9a3adcce324e032ca5392bb9293e629dfa9b15dffe9670d2,customer,2026-06-04 17:00:07
76,Xuân Bùi,0104157473,tranjane@example.org,2a8ccfa444ad0b094dea4169030cb1a9f66fff0d057b83df23ba7c45624d8904,customer,2026-06-04 17:00:07
77,Anh Hưng Vũ,0334540193,ndang@example.com,a8b39d2fa74cfbe31dfb4263a5960ab494f48df64127544a01c2de7cd7f95ee3,customer,2026-06-04 17:00:07
78,Dũng Hữu Vũ,0102445502,fvu@example.com,58cb8ebf8272db5e074027a0833ea86497ea0776f16b6c60d1c9053d3b8394e5,customer,2026-06-04 17:00:07
79,Yến Mai,0353001197,dangjohn@example.net,b1d665b85eeb3b6b45b1cd92d1686cde0d0f6ab704e6479569924fac50a92659,customer,2026-06-04 17:00:07
80,Hải Nguyễn,0954115262,phamjohn@example.org,362ba88ff3bc590e502771255cbcd92e2fb6fd815646535a331c3446107c4460,customer,2026-06-04 17:00:07
81,Chị Bảo Dương,0962713611,hoangjohn@example.com,f72b74410ebc4720f24f01b8394757e8d3ce4e80dc92d824726ecf985f632a80,customer,2026-06-04 17:00:07
82,Quang Lê,0935213568,lejane@example.org,0aa6e3423e109e45d3dfbd09b17c7c6fd59c091cb6120c9da00f53c753819d2b,customer,2026-06-04 17:00:07
83,Xuân Vũ,0170120455,tbui@example.org,ea12ee16581e841956adbc0c94930958cbdffaccc8a2090c64cdff6914474974,customer,2026-06-04 17:00:07
84,Khoa Phạm,0149733484,vujohn@example.net,d8fa5199af82b7e290b47dbaaa2e6805aa9895ef57781eddc534834509fdd5e4,customer,2026-06-04 17:00:07
85,Linh Mai,0318495931,edang@example.net,7a708147a6a6ed439acab26fe87b7a51dfa6156516226042682a3c7ba82907e4,customer,2026-06-04 17:00:07
86,Nam Bảo Dương,0353046374,buijane@example.net,df1f4367cd35bc018486beb675bdae6c3a761b984f97b489d11239ab3e704284,customer,2026-06-04 17:00:07
87,Anh Huy Lê,0932677360,jane76@example.net,7c28caf558efd393d1e841458425a0a4d5f1fe7186b1c073e32ee336970de944,customer,2026-06-04 17:00:07
88,Dũng Phạm,0317744905,vujane@example.org,4a9816cbf7586289ffe19f6e2fe93b404d376bfb53692e513aee07931c6d06d2,customer,2026-06-04 17:00:07
89,Quý ông Dũng Nguyễn,0805641395,ldang@example.com,d96cef07f2ee17c58431dfcaf52ece7a7a53f439c869bf7a94170a32d6bf8cf2,customer,2026-06-04 17:00:07
90,Bà Vi Vũ,0179868727,,1dac85c1fac529f9bd2d09aa1570a4581c4b9ab87f9408cb2171d668e730d190,customer,2026-06-04 17:00:07
91,Anh Đức Mai,0897401489,maijohn@example.org,35d99adee281105587a99caae3d0e99c48eef01d3a96407ea515559003069b24,customer,2026-06-04 17:00:07
92,Quý cô Chi Mai,0926464715,janeduong@example.com,80e4bd2099280239b550ff3ff51e8b7a759a9620cda3f90566ea976b91f24b1a,customer,2026-06-04 17:00:07
93,Hương Vũ,0145107622,janepham@example.com,a123d970f1d92b31a4c3667b770e4cb67840f3be6ec2c026df55ab7978c22046,customer,2026-06-04 17:00:07
94,Châu Phú Bùi,0898225871,jane74@example.com,5560ca91fec590a987ff81f60de3d625180afa3c725924f4e64e4b57c3cff63d,customer,2026-06-04 17:00:07
95,Quang Trần,0142258313,janetran@example.net,95d06cb02af8327d38bccb29ec1f2bda95906de4461e3a521b54e2f1d9fb7581,customer,2026-06-04 17:00:07
96,Chị Lâm Dương,0125534192,jane13@example.com,b12c7f082559437149fa6140bcb9e4f1f149964797828b67c774d82fe7775804,merchant,2026-06-04 17:00:07
97,Bà Lan Vũ,0910016761,maijohn@example.com,6a452cb4a38d2161c07eaa72cd60f285f4fcb03727c6b264f18fd68f31887cd8,customer,2026-06-04 17:00:07
98,Ngọc Mai,0953051522,john71@example.org,b6996b614fda2a8a57b4a691ad0a2807f965c1551748d54a4fed3696bb8cc89e,customer,2026-06-04 17:00:07
99,Châu Dương,0310122691,ldang@example.org,dbc5587d44e1747f3f3822a2e0c84893caa0301c73ea57cfd68cb4444a00e7a7,customer,2026-06-04 17:00:07
100,Châu Trần,0335866296,buijane@example.org,e92e67a671e8e744ef260d8fe4bc35f129d10fc852810a00aa1b74b74d28e72f,customer,2026-06-04 17:00:07
101,Lan Lê,0116878499,john31@example.net,34c21f3673cf19d3bc6fb6672bdd5022d3c15a34601c8f7d16bc3eee87a302e5,customer,2026-06-04 17:00:07
102,Khoa Hải Mai,0878498084,cduong@example.com,1a85710f19b11284818983bc8c53136f6beca3ecad04f3ad4caaa18f8b356efc,customer,2026-06-04 17:00:07
103,Hạnh Thị Hoàng,0862244472,phamjohn@example.com,e5cb443f5c417e0b230a290d1d6676386450227e9a6e43f6f8b6d7d94b70cb25,customer,2026-06-04 17:00:07
104,Bảo Phạm,0188375503,johnle@example.org,c48699015e8cc37a1cc224af4a20ee1b0fcfa5150c15fcb14a761d8a06950997,customer,2026-06-04 17:00:07
105,Nhật Mai Bảo Vũ,0388925546,phamjane@example.net,052c1225f777d8d9940d3fcb412cf65a66584f6ce53f6ec6e70455a66a3190f3,customer,2026-06-04 17:00:07
106,Bảo Trần,0968685487,janehoang@example.net,aad6906ccaa16c1fc47fcfdd29eb6488869b074a755445c72534d7be3b44cbd2,customer,2026-06-04 17:00:07
107,Quý cô Hương Mai,0984271094,johnvu@example.org,92446dc4a86507429262b67deb6ac77c03e0bf86530536a498c9134aa95418f4,customer,2026-06-04 17:00:07
108,An Lê,0987603859,,23ded415f9c2518b6f372de94738be0048faadc815fbec945a954c0f47f20d01,customer,2026-06-04 17:00:07
109,Trọng Hoàng,0975818141,jane17@example.net,fed80c56921daf4be8d037461b6701de37d4d93bb6fbbbf964c2d37695f84f5a,customer,2026-06-04 17:00:07
110,Thành Vũ,0817223320,fduong@example.net,ef5ef212d26998644d8605f3630ba8b64e290cb051cc9ecce9572e770c97d2b2,customer,2026-06-04 17:00:07
111,Xuân Bùi,0999934768,jane01@example.org,5f5198bf2552a065ed33e26a4950fb78c2ce46b3a19522ff2bd186b2f1c2d86d,customer,2026-06-04 17:00:07
112,Vi Vũ,0331781080,lejane@example.net,a58542fa519467299562861e6c81d19b24d16b1897acc076047e6d230f4cdb0c,customer,2026-06-04 17:00:07
113,Bác Phúc Hoàng,0182710910,fduong@example.com,a3d2827a9d0034366a8b769ec9416d4b85a8cbc0e859903bcd8d66a8a82fffe8,customer,2026-06-04 17:00:07
114,Huy Tấn Đặng,0162575326,lejane@example.com,75c093effcd68764349a36175017f984a218e1e9eb75e9d5608c1f6cfee31a3e,customer,2026-06-04 17:00:07
115,Bác Thành Mai,0383885160,duongjohn@example.com,dbf6f678dd8f94ca343fd18c56258d90e593c836b3ef49d98253e594fdca3015,customer,2026-06-04 17:00:07
116,Dũng Trần,0837058957,amai@example.net,cacd02dd93f384228fd081813e42e92c7420d26d1e643ede0acae6ba0711c358,customer,2026-06-04 17:00:07
117,Quý ông Hưng Phạm,0327028951,jane70@example.org,87f9fc070d1e2944de57fab934cf94be486fc951780470fb60406090ee5857d4,customer,2026-06-04 17:00:07
118,Tùng Lê,0841541520,jane71@example.org,5a730e8288dbc2b90bacf945d60fd5b431ddfd44a713b8045000ee6831145cde,customer,2026-06-04 17:00:07
119,Chị Thảo Mai,0865479356,maijane@example.org,7afb23a34b190e8d3fdead12236a8803b65c14fd3021004a2955583c9cddc9cc,customer,2026-06-04 17:00:07
120,Cô Chi Trần,0379087406,janevu@example.net,11160d4889edba6fdc1d238e056aefd66105ce1a66541c8d4319e8f2f22c8d93,customer,2026-06-04 17:00:07
121,Huy Dương,0313171274,dpham@example.net,a22cfd986339eae5f2a786eccf77c0e623e16ed96989f09869ae448896cdd150,customer,2026-06-04 17:00:07
122,Quý cô Lâm Hoàng,0109749930,johnvu@example.com,d326846959dad516c326b1c94071d0424d0213bb16e16f7d0451af0b0e53d41a,customer,2026-06-04 17:00:07
123,Minh Đức Nguyễn,0396275705,jane99@example.net,bb7cb58e22e77ceb2c2b59a857b3e3005673602df7359aad28572cc709449429,customer,2026-06-04 17:00:07
124,Anh Bảo Mai,0394705516,vdang@example.net,91bac47bc88f3fafce14fe125906e6be726a8580aa00453ce78e372307d572a0,customer,2026-06-04 17:00:07
125,Nhật Tấn Phạm,0164887719,janepham@example.com,ac82a2afff18af4ec25bf73a424127c2bf2ef8483a674a07c7c6cebb010d147a,customer,2026-06-04 17:00:07
126,Linh Dương,0178686337,qbui@example.net,3f673c9c0f6bb92221d9ba216c22e619cb62bd9a076d5d5019ad7364523ab5cb,customer,2026-06-04 17:00:07
127,Quý cô An Lê,0852419138,,fa17b4d5aa780e85604eaaf8e00eaa769e315905f74d5842192eee72aa2c4b23,customer,2026-06-04 17:00:07
128,Tú Mai Trần,0830833016,unguyen@example.org,a80e8ef9515eb274dd9e5f88c4fbacbf62d395d2983b8efc83a20e003357ed53,customer,2026-06-04 17:00:07
129,Hải Trí Trần,0340345054,vvu@example.net,64acbec99534170ea3a52e46b90e0cf0caf58be828ad77a82b33c18d63cd8231,customer,2026-06-04 17:00:07
130,Hải Quang Đặng,0128241724,odang@example.net,697d4540044d603af5ffae290c8cf2431f27a7ca628554ef2aa9c28375c39f40,customer,2026-06-04 17:00:07
131,Ông Trọng Trần,0113186999,,c89acb24575540f3585d0ae673f9bc9304f7212ebe695935717709c9ef0fc8ef,customer,2026-06-04 17:00:07
132,Bà Mai Trần,0168783391,wtran@example.net,5c569c0566d5b03ba2613d3f2eecfa1ae8179caa98464ca336728130c159c216,customer,2026-06-04 17:00:07
133,Nhật Lê,0116089899,john05@example.org,c123fb33ef7201b1918d3e569de489cd0652d33ff4b86bed5f4886db4128a14f,customer,2026-06-04 17:00:07
134,Quang Đặng,0979327104,ple@example.net,9d0dd2bc703717642913924de18bb4434d46f2368d488bd9fc6d5a255767fca7,customer,2026-06-04 17:00:07
135,Khoa Xuân Lê,0103761379,johnhoang@example.com,67c55afb7e6b77f14c4768106ca2ba9ea30674844bc480edab7b62a025f04c99,customer,2026-06-04 17:00:07
136,Quý cô Xuân Hoàng,0899606530,johnduong@example.net,61e09074c74a812ce8a3c33445bf5275c728d4707e06b4b07745bb5a82a4c4c5,customer,2026-06-04 17:00:07
137,Bảo Vũ,0399799552,duongjane@example.net,eb48236d21ebb835f907890a820023757fd96ecb6553221b43097172111a9d52,customer,2026-06-04 17:00:07
138,Cô Nhật Đặng,0828182688,jane47@example.com,2de10165fee79fa286f27589971f6c3cc2049f4151c0ec548f205db232c2d423,merchant,2026-06-04 17:00:07
139,Quý cô Ánh Dương,0896222927,phamjane@example.net,25ecc404dc87d246004bdd6dc44b6cacbffb2e4bfc11ace41cee212838bb0eaa,customer,2026-06-04 17:00:07
140,Nhiên Thế Vũ,0976591803,buijane@example.org,1e8d6096d4f87736a5f0eacea955e24726193749c54af697bc21d896772bd4b9,customer,2026-06-04 17:00:07
141,Xuân Hoàng,0193252500,,78f68699c13cb47d1e74cd5a1ef16ca1dc7838319a43c09f6426be3b10abdb19,customer,2026-06-04 17:00:07
142,Bác Quang Hoàng,0875679825,,af19aba769c5641d25fc7ccbb936d39705d0bb0031bd15d7b2cb5b57cfd7a365,customer,2026-06-04 17:00:07
143,Quang Hoàng Hoàng,0130068486,john10@example.com,fc811c2a634d622e4a9f18f188eb50bab6a8f8a588727a3d637a11a60794298b,customer,2026-06-04 17:00:07
144,Ông Nhiên Đặng,0370546688,johnvu@example.com,44e829acac45222101ccdde8e3d83b91c6d9225de73c8aa17d8fa10c2d6d77c4,customer,2026-06-04 17:00:07
145,Bảo Hoàng Lê,0359051518,jane24@example.com,b9936c422ec4f58e97ee5394033d81bf98a8bdc790aa47a9bdbb696b4b397628,customer,2026-06-04 17:00:07
146,Dũng Trần,0810099688,jtran@example.org,6a491dc9c1647a970821185dcfbfae9b2b022a8619f752e6fa504216560825b4,customer,2026-06-04 17:00:07
147,Phương Phú Trần,0861832421,qnguyen@example.net,d408927cb7485a2efbfe90ccb019be895f6bc3aae205914cd36397a9726af258,customer,2026-06-04 17:00:07
148,Nhật Đặng,0916608801,jane51@example.net,ff49e523fc6d2f0813d9b1d1c4371099891644043e5b152c60948a902eb93802,customer,2026-06-04 17:00:07
149,Quý cô Ngọc Hoàng,0848193466,john17@example.net,e5d98ec2dc2d421fede5e5e9ff6dc9a680770e1a1a5a944fc58e08fe608332c6,customer,2026-06-04 17:00:07
150,Huy Trần,0899091699,johnnguyen@example.com,59964b87828a78a4632977ef54e6002e654903f51c9c913a59aa43d8be5c3a4b,customer,2026-06-04 17:00:07
151,Ông Tú Phạm,0852408240,janeduong@example.com,b9ba845564ffb201b75d7c439330ab43134633dff92a6cdf4819402f56f950be,customer,2026-06-04 17:00:07
152,Khoa Trí Bùi,0184085887,duongjane@example.com,5fdd597dd66321e5f3df6905cecea674e052b9c27429e8c5fb0c285776086a3d,customer,2026-06-04 17:00:07
153,Yến Đặng,0349894134,janeduong@example.org,cca2f934131cbfa09c863cdb2e3b4c55a4918f0e1d146d5697a9e85136488107,customer,2026-06-04 17:00:07
154,Tú Phú Mai,0929387005,john64@example.org,75d73115044303f1959bf34b16e33218b01264ac97295d5590eed5448cabbe76,customer,2026-06-04 17:00:07
155,Nhật Trần,0933230982,johnnguyen@example.com,f4f774c6cdffe96414fc1ab5646af57bfe88abe9fd0827831e4eed74755165da,customer,2026-06-04 17:00:07
156,Chị Vi Hoàng,0379970246,johnmai@example.org,a909362cc4387d90272a8ad4853be3a4d9e0e4a04693d7229536075835f65df0,customer,2026-06-04 17:00:07
157,Chị Linh Lê,0960648422,vujohn@example.org,152df15cff1e07b5159a9aab1e570c41fb7cfd0318bfe1fcaffda73dc1a9a4c7,customer,2026-06-04 17:00:07
158,Phúc Trần,0884842199,lejohn@example.com,858926efb9ce43ce90e9150f368532948a9311393c1ea91833b403188adbd1f8,customer,2026-06-04 17:00:07
159,Bà Ngọc Lê,0827315851,john26@example.net,43fa116fdef4bcf72ad160b0ad12acf07cee8f7e5f41dbc7dae47433d4523cec,customer,2026-06-04 17:00:07
160,Nhật Trần,0139502402,xduong@example.com,9eb7437f2d816e1a33c1e3f7d8e57fa3f0b1744a020c63e110e5925dc64abb57,customer,2026-06-04 17:00:07
161,Nhật Mai,0886774964,johnmai@example.com,8518a115814bef8ba6d1b875e65e4c22bad210afc91a310638e503060e51f99c,customer,2026-06-04 17:00:07
162,Ông Hưng Dương,0925039261,rbui@example.org,efa56aa7c7b78933c421315448ce79b9715cedcfbfa271dbba01ed5ac367d382,staff,2026-06-04 17:00:07
163,Quý ông Vũ Trần,0955426221,john12@example.com,c7d622bca8ab3ec73f081e8de03d0a83843d9b040f0142009e0431bb72abd97b,customer,2026-06-04 17:00:07
164,Thành Thế Dương,0831541006,ytran@example.net,25bfdfa0d53cc31342c33a1abf73a4cf6c06d4680f66ceb51aa008ff1ea29fee,customer,2026-06-04 17:00:07
165,Hải Mai,0943536822,janeduong@example.org,5e1f6bb97a0fbd1a594f6ea137bcf19def1a62b0d307f8b3d79fc6493cad1543,customer,2026-06-04 17:00:07
166,Thành Mai Bùi,0930756263,utran@example.com,c6d874d44740d2fd1569525fc95372ee6fe7d9df80c1eb4f35bd579ee0f35b82,customer,2026-06-04 17:00:07
167,Anh Phú Lê,0149480831,ftran@example.org,3bb24419508bbddbb1b1e9e9307c0a6144488e0474a17c2d1e14403fbb774528,admin,2026-06-04 17:00:07
168,Kim Trần,0968687937,john80@example.net,d142955b1d640fbe06589bdc3cd7cc6139110699db8ad5708bc89ac8eb415aef,customer,2026-06-04 17:00:07
169,Tú Bảo Đặng,0381177589,snguyen@example.net,092361ada4f81af41f1f29ba12173644cdff0a7455e592d595063ff0405782cf,customer,2026-06-04 17:00:07
170,Quang Trần,0374701687,johnduong@example.org,28a0c965e70aaaedb9f09643ceffa0d148cf948557a9a76d749f65c20ffe216a,customer,2026-06-04 17:00:07
171,Thành Mai,0100978820,john49@example.org,43cb4e0a8fa07b0fd156c785a8003e8ddbc4bbdbaec86a0c589b8336f1735574,customer,2026-06-04 17:00:07
172,Phương Văn Hoàng,0832858842,john24@example.net,0c7e42f0958b70d0dfd8b05e7a1ab3909f4a2f096e0e325e0ea97c4ba1e17a5a,customer,2026-06-04 17:00:07
173,Dũng Đặng,0884511544,lejohn@example.net,84cec923a76971c0705b127737d6df48a7d3e8d61b9bae3105049c8ddce14157,customer,2026-06-04 17:00:07
174,Hà Trí Nguyễn,0162890028,maijohn@example.com,5903714cae39111c97cdfcc989d8289b628e4226081e172299cd5fc2e4cb29eb,customer,2026-06-04 17:00:07
175,Nhật Tấn Lê,0372175354,jane59@example.net,067da09e4bfd497eb4165f82db172f35418019103d22660114be48b86cfb9acc,customer,2026-06-04 17:00:07
176,An Lê,0839845461,johntran@example.com,7279f84c0b4b5a96e8d629a8a03e88ef663aa3b6ac988db02c31a91b75efb3b6,customer,2026-06-04 17:00:07
177,Quý ông Châu Hoàng,0136729466,rbui@example.org,e8b61f137f2f3fff5830dd9c0fc46503391fe73ad6f79cc9125fd3d80efeef6e,customer,2026-06-04 17:00:07
178,Thành Bùi,0161497840,vujane@example.net,3abbdd5a2d24eb397aa16b0af202fb00a0314f05b7b3e5a83542a3b56958ca5c,customer,2026-06-04 17:00:07
179,Hưng Phạm,0114384249,dhoang@example.org,2989fd26c082adc8a6d0ecdb859966b03d6a7f1d05311f8f2efb338679ef01d7,customer,2026-06-04 17:00:07
180,Bà Mai Lê,0120744666,jane51@example.org,6aa91db19c4fe8aad6f86cf7cbe355161d2383c23bd3579c00f1a305f2273a74,customer,2026-06-04 17:00:07
181,Quý ông Phúc Lê,0394155216,tmai@example.org,55abcf5a2499ccd970551d34fca348e4c0c07fdbc6c660cf6fb7d25337488d11,customer,2026-06-04 17:00:07
182,Vũ Hữu Nguyễn,0160494519,dnguyen@example.org,500b54fbbbb8eb564096decd989d1e8ec2aec52e9062e413999589b5d8f08633,customer,2026-06-04 17:00:07
183,Nhiên Bảo Hoàng,0193689980,,ade7df0bcd890dfc2153f8e52bd503e02ff1ee72dfa87fbf9eb0980b4e944087,customer,2026-06-04 17:00:07
184,Nhật Bảo Vũ,0335925556,buijohn@example.com,a1720252f24534c0fc7d022011562396dafb258faf5fd2ed5eaaac9c9ad5c577,customer,2026-06-04 17:00:07
185,Quý cô Nhật Đặng,0869003432,buijohn@example.org,b1262b16ff4d523b61798c982f07ab5374dcf7772098e49e6bbac8dc845b697f,customer,2026-06-04 17:00:07
186,Khoa Hữu Mai,0999353875,buijane@example.net,19e7e2d2ace161fac43aa02b59181902620946c75ebc5f884e5ffff465ac8f9c,customer,2026-06-04 17:00:07
187,Quang Tấn Lê,0806738302,maijohn@example.net,9a4f313e7cde014c27a9d5da8c6bf87ca536ccb03b700c154897bb61dd351809,customer,2026-06-04 17:00:07
188,Bà Linh Lê,0358416169,johnle@example.com,8f8b5206e79c247ff2e1d9609737906fa9198245b34b8301937296874345dd3d,customer,2026-06-04 17:00:07
189,Chị Duyên Lê,0983866317,lejane@example.com,1081b1c4d589a0ab0be7fcc96ee17ea767af923aed5b6f81e3b457d5310c13f1,merchant,2026-06-04 17:00:07
190,Bác Dũng Lê,0978390847,etran@example.com,2e585baf542c4bcfb9173ea110dbe032595d96dbfa8fdf33e707cc9aec211002,customer,2026-06-04 17:00:07
191,Anh Hoàng,0857905072,dangjohn@example.com,edcde0423b871e12410da88904b5442af78c745d9d9f1f41c019aac2242d736e,customer,2026-06-04 17:00:07
192,Quý ông Hưng Nguyễn,0173210469,jane11@example.net,0448dfb988b5811cc966c89a445b7a11d2892d42c9df63ba966ea3931cd60f48,customer,2026-06-04 17:00:07
193,Nhật Thị Dương,0826984858,janehoang@example.com,4e6c284a1a322a36ed7163df9e8f28df6b955783cfa1033858b56012db83ee62,customer,2026-06-04 17:00:07
194,Cô Nhật Trần,0171208267,john82@example.org,5ff07d2eb4a6b67d4a656bc6146a54b9704f8b61da121e2d518ff88b0fddab2b,customer,2026-06-04 17:00:07
195,Quý cô Chi Mai,0913721510,janedang@example.com,30d33c65910a1380926e58a774cf504f759c6141215ea4fdd3b7a9ebccb96279,staff,2026-06-04 17:00:07
196,Kim Tấn Hoàng,0811586938,dangjohn@example.com,ad34dd0aa402464235f1cff75bc5942f1cee2d104bcead22246c86897c549e63,customer,2026-06-04 17:00:07
197,Phương Bùi,0312004711,jane92@example.com,b80045dd136367fb6de1bcf472e35c2190d2ea9149359e74e2fc32ddc48763bc,customer,2026-06-04 17:00:07
198,Khoa Lê,0898780157,jane62@example.net,c5c7fc454452efdbff64dc80e0cac8aa1194d0bf67bacbde880041759e100deb,customer,2026-06-04 17:00:07
199,Hạnh Mai,0322903494,idang@example.net,1859053aab72cd1ee6d913ad5f2e319506183c56b3cc53dcc899518a570ec394,customer,2026-06-04 17:00:07
200,Hải Bùi,0839431290,john54@example.org,3b4af0ff4b8fbdf10abe34cfd6892b8d428f1f2cdab6c80db1df466e647ffd5c,customer,2026-06-04 17:00:07
201,Bà Vi Dương,0813518233,johnle@example.org,11e03a0f788479bbb7728254f01d184a2cc6946d4ea66d5eef97ae23eb489ad9,customer,2026-06-04 17:00:07
202,Hạnh Trần,0826842450,dangjohn@example.net,dd7663b63aaa9474fc3a0e1cca124714a886052b71c3bf4880665f0d1c0f7e26,customer,2026-06-04 17:00:07
203,Bảo Xuân Lê,0871111615,janenguyen@example.com,a8fde68b67f685a8b8db28a0f0b313862f2c52e21ad3a254715d9718e53fbc6f,customer,2026-06-04 17:00:07
204,Quang Mai Hoàng,0925134125,jane38@example.org,683831f219deabcc2d7663d7d4e8dc51e37caf83b3af1210aa490322e832333d,customer,2026-06-04 17:00:07
205,Châu Phạm,0973816846,jane74@example.com,287a355a475639cfb9243abb62f35bc4033dacbbdbe6d923a8a19ff63bed97d9,customer,2026-06-04 17:00:07
206,Bảo Hoàng Hoàng,0338406665,janenguyen@example.net,b91e2e7f1cf3de00b04a77499db70faea1134f4b6846e975af3a9d79e4137235,customer,2026-06-04 17:00:07
207,Bác Tùng Trần,0991825537,vujohn@example.org,b446093d8f24374368c02c47658dfaa1a5e71c30e5ad1a33a22a3bde3ec4e59b,customer,2026-06-04 17:00:07
208,Bảo Mai,0173947312,janetran@example.org,531504a9c5efd67d9f94a205950fe7525778b6a898c527bc6b4bcabbeea20a28,customer,2026-06-04 17:00:07
209,Bác Nam Bùi,0104389836,buijane@example.org,0749f4e8aee28036fa3ab1a33cd2a8674808fa6146eb89093aa852ced2080f52,customer,2026-06-04 17:00:07
210,Hà Phú Phạm,0309521456,dangjohn@example.net,4352b2eb8276b620833392ed3a257f3ffea11ae1a47888ac0feb9baadb4ec782,customer,2026-06-04 17:00:07
211,Hoàng Trí Nguyễn,0818114374,jane27@example.com,0ae42c7f9ede1241626391fe95153daf762b1c6a5d66aefb36f2c7a7dc5d0617,customer,2026-06-04 17:00:07
212,Xuân Trần,0908860084,vujohn@example.org,70235e6a618d20f1a4610db9b3d4508a5880ce42125d7a01eb5802147cc56e2d,customer,2026-06-04 17:00:07
213,Hà Thế Phạm,0118328569,john03@example.com,8b842b48b73f09f6b7de4a7926f8e6d74a6aecf40d844d4b620f70bfe3d5e474,customer,2026-06-04 17:00:07
214,Ông Tú Dương,0115879968,maijohn@example.net,af4b733a642d60799d859211069ea99c0e433426f6cae23b6008f9bad48c1245,customer,2026-06-04 17:00:07
215,Bà Kim Nguyễn,0927588425,john96@example.org,401f3fcbdf1152204ce210c56063deb66edebd043d3bbd66e5d60d3162428d4f,customer,2026-06-04 17:00:07
216,Phương Đặng,0371657262,maijohn@example.com,55acce75b2cd7157632138b5fe6e508a72edc8d08d32b96023cd245f4be92853,customer,2026-06-04 17:00:07
217,Ông Thành Đặng,0941888059,john51@example.com,3c7c69d1aee95d87dab10dcf558c56c71ee3620022d70d06f7d9d6110af41365,customer,2026-06-04 17:00:07
218,Cô Vi Hoàng,0109097439,john05@example.net,1956403ad55af9e22e74cd93a925d51fe75f9b37a75818073b4c9882d0c60504,customer,2026-06-04 17:00:07
219,Phúc Mai Dương,0897021355,johntran@example.net,da1ae30a084153e1d5f7f3548acb622181aac3bcf811726d59523b959cc2bae1,customer,2026-06-04 17:00:07
220,Ông Khoa Phạm,0964317139,phamjohn@example.com,ba7de9b0c0a08a1d884931ca32748bc2241e0a38c6dfcc0670e0ed07c2dd6dd7,customer,2026-06-04 17:00:07
221,Minh Bùi,0919148564,cvu@example.net,61d1712084cddde569b80341c5717a081d98ab19de33ac1407dd6aac351fb39d,staff,2026-06-04 17:00:07
222,Bà Linh Nguyễn,0157387571,jane15@example.com,4c313fa41a241100ee9ba4a7fe3b39464d495d86281de2d423eacb2be96e7e27,customer,2026-06-04 17:00:07
223,Nhật Mai Bùi,0375140105,john77@example.com,d280cbe216561251dc4c267c179a88f94ac6e0f003acb517ca2eea0a0bcadbac,customer,2026-06-04 17:00:07
224,Vũ Bùi,0834803965,buijohn@example.net,5a0983ef8fb528fa664a0bd386926913a181b16608b6879e94284286f29800d1,customer,2026-06-04 17:00:07
225,Dũng Trần,0143534624,dangjane@example.com,97e7219c72d8136ed4a8046069f1ab4ae184ed3f48924bddbcc2d32b6605870d,customer,2026-06-04 17:00:07
226,Quý ông Phúc Dương,0343487347,jane05@example.net,c8543ae8965d0fe383387108d32eced78056e70f6346e94728fdd95f1498adcf,customer,2026-06-04 17:00:07
227,Hạnh Thị Trần,0305349493,gdang@example.net,38d8d665487a94d662c398e49695126da5cc42fde784d35ce6314b4b91bd5362,customer,2026-06-04 17:00:07
228,Cô Bảo Hoàng,0893352904,inguyen@example.org,3b838de6cd9893d097d87d9dcafff99055b1de5f777e7a967e1385e092b8fd93,customer,2026-06-04 17:00:07
229,Bà Linh Bùi,0325324472,hoangjohn@example.net,106090975c20e94e275b6b86cc2dbf40da6375e5275842b4ef56323a38bcbc67,customer,2026-06-04 17:00:07
230,Bác Quang Dương,0323430980,hoangjohn@example.net,eefc31cf350b6624d5377fbf4a57587fa1a9081a194c8a259c1de24c6a92054b,customer,2026-06-04 17:00:07
231,Thành Tấn Vũ,0399042102,johnnguyen@example.net,f056480d128c952400cb615d91536b9a626855c49cede31e48e5612d6273903e,customer,2026-06-04 17:00:07
232,Quý cô Phương Bùi,0880657875,vujane@example.net,5eebe94cd5cc48e46d2c919e9386711f796df80e48bac8127f57cdf51205a64e,customer,2026-06-04 17:00:07
233,Anh Trọng Vũ,0300133890,hpham@example.org,d92108c80ce2332f7ff653b02186cf089d277aa8a427bc7fa660d0c15856af35,customer,2026-06-04 17:00:07
234,Nhật Lê,0814862890,ztran@example.net,73bf547a53efb697fca93954d05181ab837cf0a1ef9d7a1ebd67ed50e31acf5d,customer,2026-06-04 17:00:07
235,Quang Quang Mai,0318702621,jane22@example.com,9d014ad28c9029838f378c5457713d7e7b366b67664ba16e43ba9d998c9e0aba,customer,2026-06-04 17:00:07
236,Cô Mai Lê,0818518888,janenguyen@example.com,6da89536af1d4a647daf4af100117bc7e7cb8c204857451579b5414607d4ea7b,customer,2026-06-04 17:00:07
237,Bảo Trí Hoàng,0123573322,tranjane@example.com,7b0ce0f2d179742f000a67e59510528168244b5d48c85454a95790c61beb1c38,customer,2026-06-04 17:00:07
238,Quý ông Huy Hoàng,0361889241,lejane@example.net,6733d8614a153db3dcecce44d0904a2f7603940ab6c3d6f70864b8502a7bf798,customer,2026-06-04 17:00:07
239,Nhật Dương,0949731032,john89@example.org,71f6714c9619d18d18b37d44886294cbec94bc6155dcdf0a3995e4c0ac3a881d,customer,2026-06-04 17:00:07
240,Quý cô Phương Nguyễn,0887509977,maijohn@example.com,84f13d07ce48997abad6bb2e6a3b238d9de0472a39c36a4348efb8585bed5935,customer,2026-06-04 17:00:07
241,Chị Thành Phạm,0301462638,,f2315d351a4a386baef4f95d5d9e13034c827289e3c6b0dabecaaa9fd5da8af6,customer,2026-06-04 17:00:07
242,Minh Thế Trần,0355886753,john84@example.org,7d2b64b35f908b03a66d152903e2d521dad8f402ff8ae4356d84d1e3d82d6b9b,customer,2026-06-04 17:00:07
243,Trọng Mai,0893010310,maijohn@example.net,6f2dd8e1175ea96405563b683ceefeef03e37e282c817945d4f7f94610460d9c,customer,2026-06-04 17:00:07
244,Chị Hải Hoàng,0939837354,john01@example.org,142391e0ddd6f67192edc526c02f9284b7ace42233d3df4240c1588e852303b9,customer,2026-06-04 17:00:07
245,Trung Hoàng,0137993712,ohoang@example.org,5f9ef6a35d4eb9daa17d6ee7f41f726b828513e652dbbdd8d7966511020a42bc,customer,2026-06-04 17:00:07
246,Bác Khoa Dương,0149471709,janevu@example.com,ea7bcd897b996fb0cac330ace7245986de20bb7e2760fa67af9859121056ca5a,staff,2026-06-04 17:00:07
247,Nhật Nguyễn,0167933410,janebui@example.com,a2283cc912aee4b42a4310125318e9ebf732946cb7b3374fd78afbd532b9745e,customer,2026-06-04 17:00:07
248,Anh Dũng Hoàng,0965940139,janedang@example.net,32d90399192b1f41279aea9f6cee7397f4d4f82d68b10c704132b159032cce1c,customer,2026-06-04 17:00:07
249,Thành Trí Đặng,0892216995,dangjohn@example.com,0176deb161a54b82d926ffdc7290a2c56aeb89eada6d2a8d3df2aee48d463021,customer,2026-06-04 17:00:07
250,Hạnh Dương,0923828258,johntran@example.org,04d59db094b86d3a17984e2c8491aacda013cc8635206820b3fd4228c4a2eda0,customer,2026-06-04 17:00:07
251,Thành Hoàng,0303850506,kpham@example.com,b0831ed0a203223c00efb2a9b4ca7804b353190d4d1e94f1314ff46a3c0f15e0,customer,2026-06-04 17:00:07
252,Trung Xuân Dương,0122096902,tduong@example.com,f8f6a8f446005bc110cba0853df1bdcfc9b3ed1f0e72cb67414400b6df035c82,customer,2026-06-04 17:00:07
253,Hương Bùi,0856159514,npham@example.net,519558c5d5ba2c20a2307fd452bc2e631a46737a848e8212a96a9f5970e03e9f,staff,2026-06-04 17:00:07
254,Hưng Thị Vũ,0307159696,phoang@example.net,86644bc7a8cec85691082605a559a809d67f8e1fdd235633cbd73e020a5100b3,customer,2026-06-04 17:00:07
255,Bác Tùng Nguyễn,0934131647,buijohn@example.com,b01bba4b2a5cef4e7207e146c2806fb8ce8447de3db37914d7a57ae393d5f672,customer,2026-06-04 17:00:07
256,Thành Phú Nguyễn,0377520471,knguyen@example.net,247267591a95f3241e7f9fe79eb974757af6395563018b8c4961d0b2f92fa8c7,customer,2026-06-04 17:00:07
257,Bà Vân Vũ,0947859696,buijane@example.net,ab5bdfe83113e4338cb68585b66adc9ce6335414b204462c6892c1a6f0d89efe,customer,2026-06-04 17:00:07
258,Trọng Hoàng,0347411249,lejohn@example.com,2dfa4d57eb093edb1d8fab893e8edfd114fa28b3d3165a6c07e1d057f02356df,customer,2026-06-04 17:00:07
259,Dũng Phú Lê,0937367850,janemai@example.org,e80a9d21e7779857974d8e89562ba202d9d6247ae5c9194ef4efd980017fff05,customer,2026-06-04 17:00:07
260,Ngọc Lê,0853487401,jane87@example.org,3eca19830c93a3f201fdca618469588ecfe418a8ecc6f7ef8819bc13803d5e2b,customer,2026-06-04 17:00:07
261,Bà Khoa Đặng,0167661825,janehoang@example.net,6d63e28c94480a8bef0658575912723b5dc3fc065e8adca8d9b018fa268879f8,customer,2026-06-04 17:00:07
262,Nhiên Đặng,0124310690,thoang@example.com,176f67841cf2c96ae476c2ae284643ef65357e8245dc335a5d13e2922afe86a5,customer,2026-06-04 17:00:07
263,Linh Đặng,0315335554,buijane@example.net,73ee4d536cfdf568b3e0a9039205d4ec87cb69fdc5a7a10bd4cca4addfb2b5be,customer,2026-06-04 17:00:07
264,Duyên Dương,0141986652,john09@example.com,541041d87c775c0b9d5eea8b4892740e8f231d01176d03b739ad68160648e299,customer,2026-06-04 17:00:07
265,Quý cô Bảo Phạm,0991334123,hoangjohn@example.org,9a3ee0ca84be93bea11527d2f0de91b3acf469969addb3aec5040162bc3a062c,customer,2026-06-04 17:00:07
266,Chi Đặng,0842708668,ale@example.net,fc4f0f4579115cdb7ab54717f9df0561bc528bc7b1f745de88df5dc50ac3bdd3,admin,2026-06-04 17:00:07
267,Quý cô Vân Hoàng,0367525459,tnguyen@example.org,b80beaf1938ca9e729352a5cd4882a00c915cd2e6f748a70f95c01b4389ee4de,customer,2026-06-04 17:00:07
268,Bà Dương Dương,0128168505,ldang@example.com,5907f7a8f9a46c9a60c3ff92171ffb3e3970507b0e2a34d73562a553746ca67d,customer,2026-06-04 17:00:07
269,Tùng Phú Vũ,0342353693,,8bb839d85aac2f456cfb10aae7fb15c37b0b7b303a0f8c1a10272980f7c8bbe8,customer,2026-06-04 17:00:07
270,Anh Quang Vũ,0831637351,john44@example.net,5af82b6d704685ece826054413d5643054d19d29ac3a6123c4f874b282652c00,customer,2026-06-04 17:00:07
271,Quý cô Linh Dương,0856420873,,7ffa53d12f5897dae2c5889340b4a2f0f6071992ce491a7b8f6c8544302ca55d,customer,2026-06-04 17:00:07
272,Tùng Đức Vũ,0831190790,hoangjane@example.com,d220c45ea53241b19e761455dda3d39b9ccf92bff2e16c3e881cad704adf04a2,customer,2026-06-04 17:00:07
273,Hoàng Thế Nguyễn,0193327279,,a20b8843d5dd03322a9bfa87b42feaaadb4b979bf613c5af7783a7b75b2d5587,customer,2026-06-04 17:00:07
274,Vũ Đặng,0998593174,vvu@example.com,01de1cd7f829a10924e8d4a29169de10f1cec0b21e7407d8e278bf36d2b2b967,customer,2026-06-04 17:00:07
275,Chị Ánh Mai,0879660334,jane21@example.net,d5bc7d984a85107280e2ac5601e4e581f5b5b63ef44ebf9fe42a44d930e6153a,customer,2026-06-04 17:00:07
276,Chị Ngọc Mai,0105720259,johnnguyen@example.org,cdb57ad3842dd79b6c3a9be9def103bd4e1d52d8fb2bf9156636b01e928dcb60,customer,2026-06-04 17:00:07
277,Thành Mai Bảo Trần,0310932480,johnmai@example.org,b2e5680d1b768e18de87da0c15335c6718ea8dc88a376d9806de51b9da468e2c,customer,2026-06-04 17:00:07
278,Hải Mai Bảo Dương,0839500479,janedang@example.com,e7d541e37c1c209956f5354f03e6d3b5483e661aedef618160ce7a73e2822777,customer,2026-06-04 17:00:07
279,Xuân Trần,0992753269,johnle@example.com,fd0d704b7c25fe24b5b12e6dbea3993961e24678d2e4ea8d41e27c25db03acc2,customer,2026-06-04 17:00:07
280,Cô Kim Dương,0374676212,janenguyen@example.org,79760676242889ca9dcc06646c4894091ad6f8e52c9860888ccdcb21248bab68,customer,2026-06-04 17:00:07
281,Nhiên Hoàng,0130305486,dangjane@example.com,623b82594e3a3c48b7bccf5a898c95e7883225766ed76c6cf70b2be545cacb1c,customer,2026-06-04 17:00:07
282,Anh Minh Dương,0877561853,john15@example.org,9b6c2885d63f709fd89b6f247e160ed5cb5bf50cc516004a87de0c4b2e8cbf77,customer,2026-06-04 17:00:07
283,Bác Phúc Nguyễn,0971545168,jane93@example.org,d35801fef0ea1f9c1d5c77a7c3e03d4a8a6761198cedd2b435768e0dbc885557,customer,2026-06-04 17:00:07
284,Kim Tấn Trần,0991485807,ltran@example.org,0e0029acec80558c2e06516429a4a66059b2ec6ee2fd85709f422ac7c47ea366,customer,2026-06-04 17:00:07
285,Bác Quang Nguyễn,0924994717,jane37@example.com,6db18f342fefd177d857116886bcab056396180930bb9595012fa9497e7fb3e9,customer,2026-06-04 17:00:07
286,Khoa Văn Vũ,0362462873,john01@example.com,40adf080a5f059da318a2beb24d01a7c17eda1ac31bb600d5101c62abd0c5943,customer,2026-06-04 17:00:07
287,Phúc Bùi,0161014388,,8a005b544dc721c95470d17aafb44ff022b80deab48069b7535835a23c1fde6c,merchant,2026-06-04 17:00:07
288,Tú Vũ,0955940781,john32@example.com,089903cecfe2093f5a44bc74a076dd1f98226813a819d8c59a5f1ca71b7f3fc6,customer,2026-06-04 17:00:07
289,Quý cô Nhật Hoàng,0833872624,jane87@example.net,03ddea65f1789d51c0b991cf4a5e9b6a16f4e385feae703806955e7e5de5a932,customer,2026-06-04 17:00:07
290,Chị Dương Hoàng,0390927557,maijane@example.net,5569f750dcea07b602ccd3d524bf6a3286f93876aa09a46e8eb29bbf084a9228,customer,2026-06-04 17:00:07
291,Vũ Đức Nguyễn,0943634957,johnle@example.com,12678a9b0f97e5379055f1b117a1a14fc52982ba0b08d2a3597e1978f33815cb,customer,2026-06-04 17:00:07
292,Ông Trung Hoàng,0126949588,gtran@example.com,42532216b0b1caa9f71a062dc273c55643afa332e7df9225932bcdc268ffbf86,customer,2026-06-04 17:00:07
293,Chi Lê,0116136968,kduong@example.org,4380b5e34ec1690709e8e368b6a199707dc37e9bd8536210a53e6ab26e14e86e,customer,2026-06-04 17:00:07
294,Bác Nam Bùi,0917046226,john39@example.org,ceedf7a39363ad34f2ddece0f1b1510ca5bea4bbfba6ef011b8f4b96d78349a7,customer,2026-06-04 17:00:07
295,Hồng Đặng,0815869232,maijohn@example.org,51ad26eae61f38e075702254a55fa5ab2e52e431ad208487d693fde852604575,customer,2026-06-04 17:00:07
296,Ông Khoa Bùi,0345961586,johnbui@example.com,71468fe9020b1f7318ee5f88dbf60469c5ca4eecb87d882d12e1b244d1bc791e,customer,2026-06-04 17:00:07
297,Nhật Hữu Bùi,0174517123,maijohn@example.net,fc9348ce61efa050e21bc2f9e1e8de7c995e25eb9c69117e83ad0c133c37ed7c,customer,2026-06-04 17:00:07
298,Tú Xuân Mai,0928682300,imai@example.net,39295a5a1de1a8ded912229839ea83f8762f469c65e1880828f205ea24d1f442,customer,2026-06-04 17:00:07
299,Cô Vi Nguyễn,0896201533,jane86@example.net,ecb3e36cf80eeb225e3bd6f28a3a6c7dae1ea260fd97340cd9bf88d72d97bd00,customer,2026-06-04 17:00:07
300,Lâm Hải Dương,0930554885,john43@example.net,6e73a993784e823681ff279b6fd2be62676336688017c93506d6ab3c3233f0b0,customer,2026-06-04 17:00:07
301,An Bùi,0943289861,phamjohn@example.org,9c4027f9e04c1315e10c60717083be0a7a1d7d2db81b83db724f8cc0f845e963,customer,2026-06-04 17:00:07
302,Khoa Nguyễn,0393597820,rhoang@example.net,d018f3df03cab544ba6768a9e63a2aca9c38df56604782b1c289d983cf20300c,customer,2026-06-04 17:00:07
303,Mai Nguyễn,0917980893,oduong@example.net,bea276c7b128a308f22338e3e5bf2c9cb1a48f6b6e8366b724c92d4cfc295976,customer,2026-06-04 17:00:07
304,Cô Lan Mai,0886379402,,857c57d78361e734c0745ce56bcd41c30cc4cea81655408328c301b447950202,customer,2026-06-04 17:00:07
305,Quang Hoàng,0817121003,jane34@example.org,82f36797ff8be2e7baa1c83edf26294f998b5025013c629ecc1ec4de3a7f3668,customer,2026-06-04 17:00:07
306,Quý cô Thảo Vũ,0999861622,maijohn@example.net,c08a95463de3cf5edbc4135d58351d7d5ef17d96d2e9befb5a767f19bb09dbe1,customer,2026-06-04 17:00:07
307,Phương Mai Bảo Nguyễn,0886692966,jane85@example.net,cd5daa865cc8a50964e5c78fa1d6390e79b30063637a1e0f9eca8f763f3c7f3b,customer,2026-06-04 17:00:07
308,Kim Trí Vũ,0391085899,wle@example.net,cbfffd54a2ee912033d6935164da73d4ac8e27c2600776f41999e22607e69411,customer,2026-06-04 17:00:07
309,Anh Quang Vũ,0863745458,,00760e60e0e98af034b01d532e368a65a7c3f9f821537beee886cc9521c2edb8,customer,2026-06-04 17:00:07
310,Quý cô An Mai,0358997571,jbui@example.net,acd16834bd67b822662d83f92bff5ee2d1e3118594fd265da9e30082391d8ccc,customer,2026-06-04 17:00:07
311,Quý cô Lâm Vũ,0863435175,janetran@example.com,9a3d269847aa13a81237e9e87535013560015425b7c94deb4694a9215bbdadb2,customer,2026-06-04 17:00:07
312,Vũ Hoàng Nguyễn,0338346578,jane99@example.org,d2f821ab8d53ef4acfa8c98d42d0d8d1798161b5d1ab4457434d310e5a0c1635,customer,2026-06-04 17:00:07
313,Lâm Hoàng,0199965047,janepham@example.com,145a4c9a5dcc28a8115f306979e07096743f2a96011062ceef7e38562170e893,customer,2026-06-04 17:00:07
314,Nam Phạm,0828728080,johnduong@example.org,f666fcc13d8ffb09c8fbae4ec4ea4a1208e87abafc1d3d0fd9ccf0a535edd40b,customer,2026-06-04 17:00:07
315,Quý cô Xuân Phạm,0982619906,jane67@example.net,4212270874ea72e2c9e3315382ea77600a874fa52fd97beb3e0e39f33f5b3ec9,customer,2026-06-04 17:00:07
316,Khoa Đức Đặng,0178729825,gduong@example.net,1d454c35c83d8dae115f75dd59c17559ebcd5543fad8521017993bf6578fcf25,customer,2026-06-04 17:00:07
317,Bác Trung Đặng,0983046990,,b81c475f1b83096e493f6d8f6f03575f44b15b9befa08eb9379398e4afea7d51,merchant,2026-06-04 17:00:07
318,Huy Thị Hoàng,0900623120,johnnguyen@example.com,15cbdc01ca7c8a15f26dbf9b240f4f8581804d301cab9d80f041f6eebf1dfa56,customer,2026-06-04 17:00:07
319,Hạnh Trí Phạm,0999867980,john69@example.org,38a90711512cebb1d5aaad8fca50b1482f3cb730968bcb0cf83f57cfb54719c7,customer,2026-06-04 17:00:07
320,Bác Anh Dương,0961172400,kduong@example.net,b7d6e5d60ec67815317dfa82e6ff98fea0e57b994681a26afc95f08f4ef366b7,customer,2026-06-04 17:00:07
321,Phúc Trí Mai,0974268414,ile@example.net,189d789b666fff2a549d320c2844384a6e97a5bf39a758534a87389b25c775c9,customer,2026-06-04 17:00:07
322,Vân Nguyễn,0986256527,nguyenjohn@example.com,3b023c51cb343000f3b930b5c2c283cfbb54aafb4d95176354b1e6f629224cfa,customer,2026-06-04 17:00:07
323,Chị Hà Lê,0953195205,phamjane@example.com,73435992a14afcda62c6feb0cb650bd8012dfe210d2dc2ba3a81b10beb47d77c,merchant,2026-06-04 17:00:07
324,Duyên Hoàng,0379764381,bduong@example.org,04cac84e3e93490f5389de917e7a4c24293913cc314ad4dba79ab756c6c73d8a,customer,2026-06-04 17:00:07
325,An Văn Mai,0308086978,jane08@example.net,e89dc78e3d119f4a710e879bee2815bb33d7b7823c07ae0182e0eabfdc5a40a6,customer,2026-06-04 17:00:07
326,Bảo Đức Trần,0868876767,johnpham@example.net,16db168d71e8955b1f2d20cb8cf5d0faf3d30130cee9819dac0af0db7f478acb,customer,2026-06-04 17:00:07
327,Quang Vũ,0971339596,xtran@example.com,bdcc901e2ff799371927228f9bc166bef3de94cc8a19a1a79aa357ad784ce3fa,customer,2026-06-04 17:00:07
328,Anh Quang Vũ,0876724238,nguyenjohn@example.com,e7c87e0265e9c5c8272560c2b5e54d212a6076ae03be9f9edf35f8d03fb9a095,customer,2026-06-04 17:00:07
329,Kim Mai Bảo Nguyễn,0106596575,lejohn@example.com,684c52595adf296564662901e33ad203e9448c77a7b4b56e31123ca737e519c7,customer,2026-06-04 17:00:07
330,Hải Tấn Hoàng,0332016328,maijohn@example.org,74b5f92a662d59de6ab4c4bcbf72c72c6767775adb1aba711761493512b64477,customer,2026-06-04 17:00:07
331,Quý cô Thảo Nguyễn,0902726149,vujohn@example.org,747989b8d81685a0ebe8eebc994f6d10bb18a6da018acc36d68a3a40faf9450c,customer,2026-06-04 17:00:07
332,Nam Hoàng Hoàng,0315182037,janetran@example.com,03ad28c19f75e62e9b6faff0749fc162fdfb279ed3fecd32d2fcdd78e69342e1,customer,2026-06-04 17:00:07
333,Chị Khoa Bùi,0331121965,jane21@example.net,1def317a236fff985e02da342141cc999c114c733768f95a869c57d22b6106b6,customer,2026-06-04 17:00:07
334,Hưng Đức Bùi,0107859321,johndang@example.net,150a36d4efa52bd6c6d1a525c081ff5f49c5f5e74c89221ff6c5fa050fab83d3,customer,2026-06-04 17:00:07
335,Thành Văn Vũ,0924190496,oduong@example.com,907ea6fa0add1ac17000dfe20ef6ce26bb9651530522cf7acba3124a9ff955e0,customer,2026-06-04 17:00:07
336,Kim Xuân Hoàng,0389702838,xtran@example.net,a631704a3a44377bc65f973fdb026083c6c94e822d73196a585af356c03acbe7,customer,2026-06-04 17:00:07
337,Quang Trần,0311684577,vujohn@example.com,98c526f9f4e1990ba4b7c91737a89fbcf7ed814db61f807f04fbfc730556654d,customer,2026-06-04 17:00:07
338,Quý cô Thành Đặng,0160810620,tranjohn@example.com,2ddb16893dfc2582bb54005ac00fbe7ec0821863202c0fcd72e93d928dceb3f2,customer,2026-06-04 17:00:07
339,Bác Anh Trần,0359027716,johnle@example.com,c092ebe20ae63467b1ef5ec622fd2cf9ff36c46c702cebe8a254d71755218eb5,customer,2026-06-04 17:00:07
340,Quý ông Tú Nguyễn,0111739348,,87b12cba8d41bd204c7960f044cd1c6d6c90fe6220b48d444d981451db4ab2ce,customer,2026-06-04 17:00:07
341,Thành Mai,0932475469,hoangjane@example.com,f616bb3f7c9bbaeba8220392112b302014e6a20a9a1ac46edbc9126dd230e25d,customer,2026-06-04 17:00:07
342,Thảo Bùi,0331931491,,b5762bd7d4aaff98c8d47d960f0b7ab7a7ce71f5605c8e7750853df1f62e5540,customer,2026-06-04 17:00:07
343,Hà Hải Hoàng,0946303161,janele@example.org,cf7e091a88e9d84cb8865c1311ec3298cd2ac5dcf1047c8e179dde2709e987db,customer,2026-06-04 17:00:07
344,Khoa Vũ,0304358112,ele@example.org,3ee0bc5510b769cc9fd6f0ed2bc832a689eb641b3a97c2ec41c457dcbe0a8fc8,customer,2026-06-04 17:00:07
345,Hạnh Bảo Vũ,0981599706,xtran@example.com,6d6cd67a62b50b5e7bc6c309392a9d06170c5ee35fad8ac3bb6511576a6ebaae,customer,2026-06-04 17:00:07
346,Quý cô Duyên Hoàng,0343611037,janetran@example.org,000653e2f705390ba0d4e5231d048446d52a2a4b160c025202761234c82655d5,customer,2026-06-04 17:00:07
347,Nam Bùi,0385191088,jane57@example.com,f0a9c19784d0e426d17a85caa5aaab45ee2029836a3698b21c3a8af1e5e34d23,customer,2026-06-04 17:00:07
348,Hải Trí Vũ,0344925192,john75@example.org,8406fc1244cb0a60b50a1103a78175ab53182353e18b5dcd4a038fcf99f4e0b7,customer,2026-06-04 17:00:07
349,Thành Thế Dương,0926042232,janebui@example.com,7f833df2f6637e017f6fc414732a48f0bd317e012ff1b6aeabf37bf8b6e525a0,customer,2026-06-04 17:00:07
350,Thành Đức Hoàng,0348016245,johnmai@example.org,cf5ea8bb898e765e83ee3d9e8f916e99676dd6e30d850bba380cde975421ec52,customer,2026-06-04 17:00:07
351,Anh Bảo Vũ,0328743152,buijane@example.org,3fe2aa043f32fae42422b79fa4e99036e51af9d252a13d6d1e069ec81bf8e9ff,customer,2026-06-04 17:00:07
352,Quang Vũ,0106068536,janebui@example.org,1ee3a8254920bcf25ce6b428105c5636ebd9f2945253916396bb058a696c1d69,customer,2026-06-04 17:00:07
353,Quý ông Nhiên Bùi,0309177982,cmai@example.com,a2ee455009286417a9e520c7117f065cd0a0446ee64e917e27855c103fa8946b,customer,2026-06-04 17:00:07
354,Hà Phạm,0345054447,john90@example.net,f2642481c431326fefdaefd36c4cf615193323e7679e1578cbaf8e5ab29820eb,customer,2026-06-04 17:00:07
355,Thành Bảo Trần,0370348247,tranjane@example.org,595c7c7f6cdea94ea65fd13b81b1fed29b8cdc8a153ba00d500d11e5950c0add,customer,2026-06-04 17:00:07
356,Quý cô Linh Bùi,0865511047,shoang@example.net,1c763ffadb1517f58afb112015a30a0965adcd3ade2e07d59c6288e58e8f9f73,customer,2026-06-04 17:00:07
357,Bà An Dương,0814737996,vujane@example.org,5ea305ee11c65e50a2ab39f90b67b812f41afda5fe812fcc8d08b4ce16cb679e,customer,2026-06-04 17:00:07
358,Nhật Lê,0146291486,jane57@example.org,4f82847b97b3ed92c6867a858af554c9baacf5d6cbc5500ebdad47e0959c4347,customer,2026-06-04 17:00:07
359,Bác Châu Trần,0893784270,uduong@example.org,b630317ecc24ea460a6a879052062af0dcabe792ae16e1b24c641f4682bf5a75,customer,2026-06-04 17:00:07
360,Hưng Trần,0134266179,dangjohn@example.net,b5b1e7182251f3f57e120784b589b34c22792c1e3c779fc556f417afefad6886,customer,2026-06-04 17:00:07
361,Chị Phương Lê,0949027874,janemai@example.com,73dc494c502cfa5d7b8756ad04a6aa9d6a5005fc96f6cafdce4c7d3386ae175a,customer,2026-06-04 17:00:07
362,Anh Thành Lê,0902786814,janebui@example.org,c5d680e92f440e3fd53e73883c8dcdaaa39364eda789868a5487d3184a396106,customer,2026-06-04 17:00:07
363,Quý cô Duyên Bùi,0964535218,tnguyen@example.org,b1b087cd9fbfc3a735dc3414feec9056a95f8dd44ad1c456e6a4545cd6661169,customer,2026-06-04 17:00:07
364,Bà Vi Trần,0190175186,maijohn@example.com,fa0c22c11d499157528dfa93846d47a3d9ae0aec154e7b148bbed660a40f3d01,customer,2026-06-04 17:00:07
365,Trung Mai Trần,0850583003,,894cdd289be49603aa0100e1f2359c1d31215dde3e5a0f3bc8480efb44615d43,customer,2026-06-04 17:00:07
366,Châu Mai,0902290147,jane96@example.net,9242fd2c44725ca6a08d5a7f8f7932982b4d2c6de45831f294904e5a7a8cdb8b,customer,2026-06-04 17:00:07
367,Thành Đặng,0392459375,lhoang@example.net,5e72b55c770d706f66f3ffce4342147b4a20157ff0c464847f0e34f8aab30a75,customer,2026-06-04 17:00:07
368,Trọng Hoàng,0833030705,lejane@example.org,94584ae7cb95197b0ddb2a053381140c7b7bdb585551108821f2b67422197f10,customer,2026-06-04 17:00:07
369,Bà Hương Lê,0834721228,john86@example.com,f7386aa5fa402c0955b0995cca7892ab380641127a0d234c1a268e3a9154cc96,customer,2026-06-04 17:00:07
370,Quý cô Kim Lê,0143283096,smai@example.net,3a84024bb434e3c4c92a9db20da93e7e2c42a24d6c6b043c6eee318700fb0545,customer,2026-06-04 17:00:07
371,Chị Nhật Vũ,0198776945,johndang@example.com,bbcbee49f5f5d056180846c9c1f3c03df409ccd1fe1af1481924100a3be0b3eb,customer,2026-06-04 17:00:07
372,Ánh Đặng,0112567468,duongjohn@example.org,fe5318b705106828ef187d2e6704a049d3859ae57bed95642652d153d2236d15,customer,2026-06-04 17:00:07
373,Phương Mai Bảo Bùi,0329946804,tbui@example.com,f44cb458c0c87c377dc95e0ebf3ecabee337553cdf9fa0c23222a0be50177837,customer,2026-06-04 17:00:07
374,Anh Vũ Hoàng,0924118244,phamjane@example.org,2b56d648d0a7c9fc8ff88055ad238ee17253d2fb8b474624f9e1794e25e3bf67,customer,2026-06-04 17:00:07
375,Quang Mai,0327298069,john79@example.net,4db5459a75b0b5693b677062e9896231e13bc4ac751ce9b5661cfa321cd7d7c2,customer,2026-06-04 17:00:07
376,Ông Nhiên Trần,0934244204,jane80@example.net,1856731efa33713ce22d787f5f0139f727569b0f986f0b171c43366de124d4a1,customer,2026-06-04 17:00:07
377,Anh Huy Trần,0108621182,janenguyen@example.com,fd8cbb2ebb59cfb08b94f8aa1187332c9cb8cddf30635cd2c75b0d59af4e44f3,customer,2026-06-04 17:00:07
378,Quang Trần,0337631165,xtran@example.org,d3c781680ce19ce58e457e882fd655e8cfca4640fad7ff68cdcc7b443e41e3ab,customer,2026-06-04 17:00:07
379,Bà Ánh Hoàng,0897500170,nle@example.org,913b06f1469b158c5a75b77260edf17dafb989d9f51601939676ff4d965720e0,customer,2026-06-04 17:00:07
380,Chị Vi Nguyễn,0943455812,jane98@example.org,1a80b684d50d5afb2134244c3d5e4aec13f36253e197e5af5ddef6a0c419e45a,customer,2026-06-04 17:00:07
381,Khoa Thế Hoàng,0861340745,john26@example.org,ff8ed5715c04535dd6c932be28a4072f458bf3af0100b8b1eb9b1912c5fc3431,customer,2026-06-04 17:00:07
382,Hoàng Lê,0892185156,johndang@example.org,76dc68f4b307de5244250234b30eaaa3d56f8afb8fc3df701bf71aea562e49ac,customer,2026-06-04 17:00:07
383,Nhật Trí Hoàng,0178091343,jane67@example.org,65307edbf09327dce240a1cf1e21fe5e90498847677423704b7f99281568307a,customer,2026-06-04 17:00:07
384,Kim Mai,0861796405,jane77@example.com,f64d598ec087ca4cb92d3eb230c2502c2ceee0a11d9cc1d3080afab81ac6c480,customer,2026-06-04 17:00:07
385,Ánh Trần,0896717565,edang@example.net,1595a8f22e481d65e1cdb5d5be894d051e1385082d7b3e22fac894f024bf545c,customer,2026-06-04 17:00:07
386,Lâm Bảo Phạm,0967065405,uvu@example.com,9607fc13fd5d5ca2b990094fe986b7fd4365a4c72b183033078c6a79c1deb5af,customer,2026-06-04 17:00:07
387,Tùng Trí Hoàng,0199261891,rdang@example.org,5c2781790885da5d2c6f7bf3de827b60db404d712a7339a4f107cc37a360b021,customer,2026-06-04 17:00:07
388,Hương Dương,0958651850,tranjohn@example.com,3573bd835aa74cfd7e67668201d612b4eab61e284ec142f1c0edf9e685dfff27,customer,2026-06-04 17:00:07
389,Ông Huy Phạm,0966687002,janele@example.com,4b01ed3e391ef0362a8159f47cb8950ffd10ac81174bd7d654ad0b052ff65da0,customer,2026-06-04 17:00:07
390,Hải Đặng,0970805310,john52@example.org,0a69f24ce9ea8f0de09ec15def55bbc88b672c2a08e19b22f105e4a92561a8b9,customer,2026-06-04 17:00:07
391,Hải Thế Phạm,0933092327,ttran@example.org,6552132c9503c9aec5d4455f7cd968c9eb6ea1462c6679ca235d463f8ea11dcb,customer,2026-06-04 17:00:07
392,Mai Dương,0347102767,,e629fe1c761fbba48a6ccdcf43b7a338ecd0d86064245b5a447645d9ba1a12eb,customer,2026-06-04 17:00:07
393,Bảo Hoàng,0841056481,janenguyen@example.org,5b5480ea99e6485b587e5ed0520f2c3f5984fe1b7dc600a8faa9c2671e1854dd,customer,2026-06-04 17:00:07
394,Tú Bảo Lê,0139599534,otran@example.com,b4c0859bd8ed775a9038dfbe5099565f42a451f16d9b476f3281397289746118,customer,2026-06-04 17:00:07
395,Nhật Trần,0198254494,dangjane@example.com,c35a28936164c5b2a993e550645677edab5002293b00c7228d83cc5d8b078632,customer,2026-06-04 17:00:07
396,Quý cô Bảo Lê,0947743490,,90e50be11d185752525f59b28f555cdf3bb0d38a75362a414f28520c15dd74f1,customer,2026-06-04 17:00:07
397,Phương Hoàng,0873467065,hoangjohn@example.com,6fcf6e104048b1b55ee2c1bdeec8f3675624849132129617b2f6dc10aef98746,customer,2026-06-04 17:00:07
398,Trung Trí Bùi,0151462704,fpham@example.org,5611772ced7e567c2f7e3dc1a5cef9b47155b36fd3d65f809849f79290dd9f38,customer,2026-06-04 17:00:07
399,Cô Khoa Bùi,0959212499,jane52@example.org,88b7c7b5c5f9fcecf4b591a107efcad9712150050295c1af7922a0e998a52366,customer,2026-06-04 17:00:07
400,Vũ Phạm,0193917251,john43@example.net,1c2b14edf32ad174589e35a4b666acc2fb56bbad1fcb1becbda0a497ab7128eb,customer,2026-06-04 17:00:07
401,Quý cô Thảo Nguyễn,0834456557,janebui@example.org,2a62db4a7236932039a9a8f4772cc2875982cec7fefe79cd94f3bc26a27128bc,customer,2026-06-04 17:00:07
402,Quý cô Dương Hoàng,0967190229,maijohn@example.com,66007192d85af38d58640bf4e0e8db2fe2f127224387f16beeb35a554b6fd566,customer,2026-06-04 17:00:07
403,Hoàng Hữu Hoàng,0168557444,idang@example.net,41aa89a04d5bcd8d94e394bdf13703cbfef06e5af06519d1a5423ea07935569d,customer,2026-06-04 17:00:07
404,Quý cô Hà Nguyễn,0836231665,nguyenjane@example.org,68471d1f40bec6750f52a999f91b38eacb269b6d9b978e41e61819cf402ca9f1,customer,2026-06-04 17:00:07
405,Xuân Nguyễn,0110386571,smai@example.net,89589f2d925307d3879bf07f0014695a4d55842ef567369b0bfca02184322489,customer,2026-06-04 17:00:07
406,Kim Hữu Trần,0340165820,janetran@example.com,eee13af420a4debf6a30f46db31ca78f0f61360e2c294fe5f4d2f3e15c3907d6,customer,2026-06-04 17:00:07
407,Phương Phạm,0316329451,janebui@example.net,c6d84ad6f67ccb5a2dc0b800bcc937af499023e98426316a2ee8514b22c0bf50,merchant,2026-06-04 17:00:07
408,Hạnh Bùi,0880988516,johnpham@example.org,467288a17639ee9b5813dd4889999a25b65cec2850df76d7d37624d25ef8af9e,customer,2026-06-04 17:00:07
409,Hà Mai Hoàng,0845786103,vujohn@example.org,67739060730e7ac236f879db17858258b2fe0d49ebda1e10d08e97211ae3d1c8,customer,2026-06-04 17:00:07
410,Yến Lê,0904397359,lejane@example.com,6fff4011c0863c70b63682584bbb688533bad4db103dfc27f729092cfff85912,customer,2026-06-04 17:00:07
411,Phúc Đặng,0321903404,janetran@example.org,5f63c40aeb29b436443101671c677f9917e83ef5bab6494f1f408c733e66ce14,customer,2026-06-04 17:00:07
412,Huy Đức Mai,0103910651,vujohn@example.com,15196d9a555aa2d84bbb9d54d093bddbf519f7e56f1ade38f8f7041f7428aa14,staff,2026-06-04 17:00:07
413,Bác Hưng Dương,0921697972,janele@example.com,76841f0cf7d6cdf2d4e02afa764896628ceb7986086ea1c16aeed70b503949bd,customer,2026-06-04 17:00:07
414,Khoa Trần,0965379473,johnnguyen@example.org,f462dac2b1c66d789e0a9ce180fb9e5d2244e5f2acac665ab1034fffb2da5828,merchant,2026-06-04 17:00:07
415,Cô Chi Đặng,0836519941,lle@example.org,29d62669cb5ff0193b2d244dea8b547b8d99ed95dbc933ef255e0c2b1d04edf8,customer,2026-06-04 17:00:07
416,Lâm Tấn Phạm,0907661771,rdang@example.org,07617d3682f4b5dcbff24feb30a8e359a923c8834da1de4f428ef531d1c43383,customer,2026-06-04 17:00:07
417,Tú Thị Lê,0165193982,johnbui@example.org,be6517e4bab63477f0dacf6ebd95b4ce8b369b8644d5fc768b0963d45dacbc34,customer,2026-06-04 17:00:07
418,Bác Khoa Đặng,0954522675,maijane@example.org,19bfb4ac11bcfde79cbec6f1f34f0dedd185ed807a1875b1f6d1f2e4ac1e874b,customer,2026-06-04 17:00:07
419,Trung Thế Hoàng,0847359774,john75@example.net,e0ff9cd2385f8371a63321e7c51ae854a8581197a64d0664402d73568e78af34,customer,2026-06-04 17:00:07
420,Anh Tùng Phạm,0860256342,johnbui@example.org,a5317c3321945033cafec2c2804a634b059d53c61e980366ce454530266e08b8,customer,2026-06-04 17:00:07
421,Bà Dương Nguyễn,0366156545,john64@example.org,85035207c106aff41731536da2b5406c11c2f58f4ae17fc69fe82dd2f2da0a1a,customer,2026-06-04 17:00:07
422,Chị Hồng Dương,0350609835,lejane@example.org,8dfecea4f9bd3182e2733dea857339c1d4a3c7413e83ec0695d48d11dbdfb8a7,customer,2026-06-04 17:00:07
423,Xuân Phạm,0121752500,,e1ce9eeff4afb28d9d85d61d16a783df1be42d67c4b126f0cb6abfc2b8cd8773,customer,2026-06-04 17:00:07
424,Nhật Phú Dương,0190010943,hoangjohn@example.net,f570cae79f0dee2832141c73dbc3a0aca7c49e26dc2b7144dc26ec356353b1e0,customer,2026-06-04 17:00:07
425,Quý cô Hà Hoàng,0828421020,buijohn@example.org,374b5df7c9aa5a11e80fc72c386f2160251c36837d343cdf9f55f3fe6ef66916,customer,2026-06-04 17:00:07
426,Anh Đặng,0844375758,udang@example.com,f2a02f14a2292018194c6930722620e1c2eccd4b3f761b2f97d61715caea77c2,customer,2026-06-04 17:00:07
427,Quang Trần,0878282742,johnhoang@example.org,c3b5d00d628e0b1554a8aa80a3b3957220ec86e30b7d79ebaeb5594e18dc0ad1,customer,2026-06-04 17:00:07
428,Cô Bảo Dương,0921655852,adang@example.org,468ea83314f4d69b2d41b2c13d34f338cf9ba878603aa23d1352a8b165e40e2d,customer,2026-06-04 17:00:07
429,Trung Mai Vũ,0156093204,hvu@example.org,1b6943ae95dfdeedf17724c8f87c9913de81e67c44ba9c112295f78d0ec8c27e,customer,2026-06-04 17:00:07
430,Bà Nhật Hoàng,0332595327,phamjane@example.org,e369784ad0fddca3c722bc7558810d0a94dbb963a988826a6f181c25c2cccb4b,customer,2026-06-04 17:00:07
431,Nhật Phạm,0947660728,jane80@example.net,3ce922c5bd5269f42b08f59574b5ff1bb173289f60e01a2ec50697edcce28b70,customer,2026-06-04 17:00:07
432,Anh Lê,0883644089,buijane@example.net,28dd24272f1a7d706b11153eed1e7e9556da568b8354a086b61490828f54ec13,customer,2026-06-04 17:00:07
433,Cô Chi Trần,0143039117,johnnguyen@example.org,12b85b3d906e20d59f44d58d4ad434bdb3d8a0b913c56fdcf4ed8e971f402972,customer,2026-06-04 17:00:07
434,Chị Mai Bùi,0888095701,john99@example.com,5eade88d049759ee8a9abaf201d1f23e729dbd1424642e7a697b0155e639e81c,customer,2026-06-04 17:00:07
435,An Trần,0988355231,,9430568041703aaf7a565512040e8f4f19a9dcfe2a55f4cee69351dafc709fa1,customer,2026-06-04 17:00:07
436,Quý cô Vi Lê,0391251778,dangjohn@example.org,337b6386d79dde51f35b2f7c9f07fd92481fb1dc62a19aab40c200affdfb34fd,customer,2026-06-04 17:00:07
437,Ông Phúc Hoàng,0380112805,fbui@example.org,68b5b0bee80cda53ad6b37cc7e39df481b077b82033009ffd3baf9eacd4b9044,customer,2026-06-04 17:00:07
438,Hải Bảo Lê,0881489325,john24@example.com,18b5c670d65bb24bcc4aa42e54c2801f7b403de7a4818571ce5d999bbf25ce55,merchant,2026-06-04 17:00:07
439,Anh Hưng Hoàng,0397177517,janeduong@example.com,67c3b3779e56d25308f5234b27b098e491009997b11f41bd65d4dbf69b2d6c0a,customer,2026-06-04 17:00:07
440,Ông Vũ Vũ,0855215704,ale@example.org,dac3dcc4cac2fc9ac745b51258cee35d7070238ebfc8e2fa779399edcbf55845,customer,2026-06-04 17:00:07
441,Cô Hồng Đặng,0972715518,ymai@example.com,eb0fece6df553c5ea843a6b7edc399dfde9149e42953dca9e1f249dc1c661c72,customer,2026-06-04 17:00:07
442,Nhiên Tấn Bùi,0900307562,john05@example.net,8feec68cb701439b49dec16ea456abbd2c58959d8ea50a2f1cc0507c0e1c1208,customer,2026-06-04 17:00:07
443,Cô Xuân Vũ,0891146786,duongjane@example.net,ca2da108791ee2eba60db0c3e5f86da1eeda86bf7c16aa816f5367a0255c388b,customer,2026-06-04 17:00:07
444,Chị Hương Phạm,0141715454,janemai@example.net,e7b2b0462f6a89294ed4500292771ff46b3c15a69a6aee406d10639f75b21878,staff,2026-06-04 17:00:07
445,Vi Phạm,0310158199,ldang@example.org,1f5fd71b9076b5507fe02efa13484f1299aa8515ff6213a85bfd3cb7365af226,customer,2026-06-04 17:00:07
446,Bà Vi Đặng,0117146774,dangjohn@example.net,0f921f56cbc002a947b8295b5576cb9477ba62c70afe750e4ee12e493775c500,staff,2026-06-04 17:00:07
447,Quý cô Vân Vũ,0191778507,janenguyen@example.org,7422f02ae8797572a8fb6859a52959f3546dafa4dcba70126b57bbed1692eac3,customer,2026-06-04 17:00:07
448,Mai Hoàng,0164205930,johnmai@example.com,26589a997f42491ef980a0a13d2dd7f534dca54a7ee89e48ddb981a70bb8c27d,customer,2026-06-04 17:00:07
449,Linh Hoàng,0313315098,johndang@example.net,f81e542c4f2b18d2a8a38dc25d6aefd95efd37235bfb658f01311c9b07f316f0,customer,2026-06-04 17:00:07
450,Bà An Nguyễn,0808635365,johntran@example.net,93cfddd7d315d1e8e8e385a40502bc9aeba56c436acb1a925bb32aaeee554c3c,customer,2026-06-04 17:00:07
451,Vũ Phú Bùi,0166574374,dangjane@example.com,f9acc196d6579a06e971bbc55d595bd37c92f1b8411f0c98eb4b2a5364fd3b4e,staff,2026-06-04 17:00:07
452,Chị Nhật Bùi,0388444310,ldang@example.net,978f023d54f5cc2703775476293b744bfff56a94ef49e1cbe0bdee7678bd250b,customer,2026-06-04 17:00:07
453,Quang Xuân Bùi,0179727985,,5687c67baa5824b8e2b1c366c74e13857b755bb2ae13e35eb3bb0e583784c473,customer,2026-06-04 17:00:07
454,Khoa Lê,0860647468,johnhoang@example.com,8be5a6368fe09e9b16496efd384c392387619e5c8ca1bb93f3d20503112f7a4b,customer,2026-06-04 17:00:07
455,Lan Hoàng,0896120183,john91@example.com,39b492d47594fc4218bcc7cc66726991affb3b0d2697a74b5c4d54eb5fb80860,merchant,2026-06-04 17:00:07
456,Bà Nhật Trần,0385160481,janedang@example.org,a72fe1242b08c143d073708b1cbf149c12d13509826ec3007f1fff4e834745bd,admin,2026-06-04 17:00:07
457,Nhật Đặng,0905329318,qnguyen@example.org,97c397ff8e67000c19b89cb78e4e7bb712306240d3e70508cb4b8f56e2be659a,customer,2026-06-04 17:00:07
458,Cô Linh Vũ,0947700541,nguyenjohn@example.com,cbf8380b79c67b04c570dc5efb35b11ea9defbd08bdf67a7d8b7a47546c9ed0f,customer,2026-06-04 17:00:07
459,Quý ông Phúc Bùi,0956676527,wbui@example.net,b1402dd7b6181c61abf841303921c470695fe6235ce665441a2a09b0218825d2,staff,2026-06-04 17:00:07
460,Hà Mai Bảo Hoàng,0385477725,johnduong@example.org,d5fb868dbe3dd240ff8b213705dcee30a810a61e223a2f55c00a3d1c5a12ed20,customer,2026-06-04 17:00:07
461,Thảo Nguyễn,0904991547,jane11@example.com,f5aa20a625cb1317a3f38ff82b8e4780f96de601be1599a5eabee8a6c76beb09,customer,2026-06-04 17:00:07
462,Quý cô Bảo Trần,0913529096,dangjane@example.net,202babeebb0a7c60e624947379a51d1f4b815667b6e204fe56c49563d36d97cb,customer,2026-06-04 17:00:07
463,Hồng Lê,0129396856,dle@example.org,8c7a4b87adf3ae86e1de15ccdd842fe278d3c3141f30a8984e9964bcd89128a3,customer,2026-06-04 17:00:07
464,Trung Hoàng Bùi,0877351585,jane43@example.org,a256c0452c1127cc659f63772d63bfe7a233ad0f2a75b1bca5dcc97f805d4969,customer,2026-06-04 17:00:07
465,Hồng Hoàng,0881206797,dle@example.com,6128f5ffa8f0203dcbfa3c651b907464b41f35962cf07cbb60f56cf1b990f74c,customer,2026-06-04 17:00:07
466,Hồng Trần,0898680002,jane31@example.org,65718b6f6a555edcddaf907d5eec55d6497d1364e0a3bbf90c7d48f00af757b8,staff,2026-06-04 17:00:07
467,Chị Dương Vũ,0982278248,duongjohn@example.com,c3e1f482c0f3549f3208338ecf69034c6729e0bf7093a106fcc49c8ecd9fb7dd,customer,2026-06-04 17:00:07
468,Nhật Mai Bảo Vũ,0392221969,maijane@example.org,33d8a3efc9bfac335203cf0f82860b82fabdf635f15da2a6f20d86be42186ef4,customer,2026-06-04 17:00:07
469,Thành Phú Lê,0846095396,qnguyen@example.com,bc683a950c027bfa058e30541ebd789b9fd093c53371e927ad404c39289a36c5,customer,2026-06-04 17:00:07
470,Bác Quang Vũ,0107527354,lejohn@example.org,00d9d4a558506c970ede2615520b88e83502ab3825a3d28ac2cbfd5443863143,customer,2026-06-04 17:00:07
471,Tùng Bảo Hoàng,0879237474,johnbui@example.net,370f4df666f72f337cc48dd1e82a5da9f8bda295e05e3066a36fae16848fb810,customer,2026-06-04 17:00:07
472,Phương Mai Bảo Hoàng,0960733754,janevu@example.org,d147df6ad65f3adb1de906cd4b2bbf8a70ee557a89a87e00443105b0f6b4b631,customer,2026-06-04 17:00:07
473,Nhật Thị Mai,0178652785,johnduong@example.org,ccff9a9908bc06799ee37d51007814d3c74375108f52985a2a0aff727e5f1212,customer,2026-06-04 17:00:07
474,Chị Lâm Lê,0868705685,buijohn@example.net,0902736f0e8f59432890625b3aca289ab74e1ccef4da99fa7c2d37dec0df62d6,customer,2026-06-04 17:00:07
475,Lâm Trí Hoàng,0343292712,,41b8b6dc47d3220a3bd8d641ecc4ca6e0bebf472cbe2f1aecc9cd2113a878179,customer,2026-06-04 17:00:07
476,Dũng Trần,0328962309,buijane@example.net,41de27b8bfd446503e52912b444cee7bed28c7da43758f8ada788301d4cc3fce,customer,2026-06-04 17:00:07
477,Anh Mai Nguyễn,0158771753,atran@example.org,8ce298db68bda69ed9571064198545c7f8dcc1775e99898daeba0bd305be727c,customer,2026-06-04 17:00:07
478,Cô Hà Hoàng,0373622660,vujane@example.com,64c8c1367eedde0b8012d294592562ab1e228163855320195cde6407300c1dcf,customer,2026-06-04 17:00:07
479,Thành Dương,0885467854,lnguyen@example.com,dc855562ad536855187447ee8a1216a66988249d80f41ab67aabfa6663df9ef6,customer,2026-06-04 17:00:07
480,Bảo Hữu Nguyễn,0892330958,sdang@example.org,bbf514eb03134361a0260e6ba48b6b2859075d16d0eaba2acc8645d47d324ef6,customer,2026-06-04 17:00:07
481,Yến Dương,0961744518,jane05@example.com,2e213ed027a20e6926970ca4fbf8802dcc54a528fe4434c07790a40975e9a17e,customer,2026-06-04 17:00:07
482,Anh Dương,0398720506,phamjohn@example.com,36c981bfb40ad6b0ac59f3311cbfea9c89cf1dde4184f0dec05f4f5ceca23692,customer,2026-06-04 17:00:07
483,Bác Anh Bùi,0993745299,phamjane@example.org,2aa81d8fcf3e9e31c71f4ee123e6dcde6f5a1113bf64a9aa3206d4b48c3cff88,customer,2026-06-04 17:00:07
484,Nhật Mai Bảo Mai,0899305616,john82@example.org,3407f578316df4ac68770572b6ed5ffc4564ab498b174602844a291a2cfc22c7,customer,2026-06-04 17:00:07
485,Minh Bùi,0818501631,johnle@example.org,42d64e0cd3f1674428bb43cb8108b0972d4d6c4a3373d03598fc8ff959801071,customer,2026-06-04 17:00:07
486,Cô Mai Nguyễn,0369346547,xnguyen@example.net,7106d5ea178b0b9701b5767e87a54ffc0532008402b7cddf2391e007597c3b3f,customer,2026-06-04 17:00:07
487,Bà Linh Dương,0916272046,rtran@example.org,a0338298a900161300a606645902f4b6d8673a954ce1ddcb9a4274be4787504b,customer,2026-06-04 17:00:07
488,Bà Chi Hoàng,0974821759,ele@example.net,cdf9c2f9822585d431a6d59bb24d36e214b9132d100d387a5cf36212c3f5d9c6,customer,2026-06-04 17:00:07
489,Quang Xuân Vũ,0927706324,vujohn@example.com,37dfa65d8deacd8d792913d6f5026a3334341e70c9b1b476d8240408c2640062,customer,2026-06-04 17:00:07
490,Lan Hoàng,0920750110,johnpham@example.net,bba8c9f1e6a56776b8262ca8663d331511cce9b8619553533188ca533093b566,customer,2026-06-04 17:00:07
491,Bà Dương Bùi,0390784473,nguyenjane@example.org,cb6177aa9534b5e970464881c2ecb4ae6259de35515f6bdc2d5ed226e301c281,customer,2026-06-04 17:00:07
492,Cô Lâm Vũ,0341605297,jane66@example.com,456c1b1a37c87d42e6fcff7fcb66a642b2428fef98eb6b2580d140d5854ed4e1,customer,2026-06-04 17:00:07
493,Bác Trung Dương,0904332181,jane91@example.org,887fc182bb5834a417a0deb828f5c1f171e8bd77d495015f916d1f36a4b883ba,customer,2026-06-04 17:00:07
494,Tùng Thế Vũ,0858891637,duongjohn@example.com,4c74794ed5608308c606832bffff58caf25c13ce24a15dfc995ed653a717d7b5,customer,2026-06-04 17:00:07
495,Dũng Vũ,0884251354,jane32@example.net,92573f1def033522faca665870f2a0d07e73916174be99ef8befcb245a61df84,customer,2026-06-04 17:00:07
496,Cô Vi Hoàng,0141212678,rdang@example.org,f6f8960ec6b88b60292d0e238f62b3063958abeba1400f0272f40dfef011e660,customer,2026-06-04 17:00:07
497,Dương Dương,0994798515,jane66@example.com,bbf78859f84312ea1a19481581dce00c5ecf29f55a748a0f089221415a406ef2,customer,2026-06-04 17:00:07
498,Duyên Hoàng,0396886805,janepham@example.net,10d1b21d8718297ef796fc03a3284696461d5fe61fe01ec573e6995d01021a0d,customer,2026-06-04 17:00:07
499,Bác Minh Vũ,0947277901,johnvu@example.org,eb79a1b4643b1de34522e37f81765c5128a1e1591fcffe85959d22cf1b2579f5,customer,2026-06-04 17:00:07
500,Anh Anh Mai,0128922680,janetran@example.org,8162a1a77cdb6b3d1509a8b0605238a05bbddd3ef5f6c9683c446594fa95f36b,customer,2026-06-04 17:00:07
